Frame,root_translateX,root_translateY,root_translateZ,root_rotateX,root_rotateY,root_rotateZ,left_hip_pitch_joint_dof,left_hip_roll_joint_dof,left_hip_yaw_joint_dof,left_knee_joint_dof,left_ankle_pitch_joint_dof,left_ankle_roll_joint_dof,right_hip_pitch_joint_dof,right_hip_roll_joint_dof,right_hip_yaw_joint_dof,right_knee_joint_dof,right_ankle_pitch_joint_dof,right_ankle_roll_joint_dof,waist_yaw_joint_dof,waist_roll_joint_dof,waist_pitch_joint_dof,left_shoulder_pitch_joint_dof,left_shoulder_roll_joint_dof,left_shoulder_yaw_joint_dof,left_elbow_joint_dof,left_wrist_roll_joint_dof,left_wrist_pitch_joint_dof,left_wrist_yaw_joint_dof,right_shoulder_pitch_joint_dof,right_shoulder_roll_joint_dof,right_shoulder_yaw_joint_dof,right_elbow_joint_dof,right_wrist_roll_joint_dof,right_wrist_pitch_joint_dof,right_wrist_yaw_joint_dof,left_foot_height,right_foot_height
0,-0.0108754942193627,-0.3417285978794098,83.9913101196289,0.5191040244688084,1.0499130806857977,92.66854539024855,9.3915205,6.3319845,23.59758,5.8455286,-8.032918,-4.2418222,7.7223773,-6.885315,-25.620272,6.02576,-6.877355,5.0566335,-0.60325253,0.7019742,-2.936106,4.914177,14.34507,-37.815674,59.4201,3.4269187,-0.4937948,8.90084,6.8692904,-14.192892,31.244549,60.960117,1.7018363,0.27036905,-11.024012,17.867614,13.185675
1,-0.0163342058658599,-0.2740413546562195,83.97139739990234,0.5339716056676284,1.1788430433273942,92.66834209970544,9.356413,6.3143997,23.696823,5.771933,-8.088889,-4.2249713,7.6463118,-6.8857455,-25.561056,5.991305,-6.8997526,5.135353,-0.60485786,0.6793071,-2.931794,4.9852095,14.362599,-37.81091,59.40504,3.3470333,-0.5075195,8.741971,6.937094,-14.219356,31.23841,60.93716,1.8334491,0.29319343,-10.91495,17.869589,13.148248
2,-0.0214362777769565,-0.2005082070827484,83.95763397216797,0.537915669378385,1.2820154248619802,92.65425913449518,9.305074,6.3371987,23.815062,5.8215175,-8.1544485,-4.223726,7.585888,-6.894732,-25.546236,6.0095897,-6.91628,5.189796,-0.5995529,0.6651946,-2.9206896,5.107366,14.401498,-37.78523,59.34439,3.2818751,-0.5637634,8.5806675,7.044202,-14.28112,31.21764,60.847687,1.9210433,0.27144548,-10.8562,17.866218,13.131543
3,-0.0259947199374437,-0.1296046376228332,83.95240020751953,0.5345875424285509,1.3319180655852207,92.61875449631766,9.350733,6.347311,23.934784,5.780063,-8.103871,-4.2183514,7.596744,-6.881398,-25.501215,5.973728,-6.87948,5.2164164,-0.5713047,0.6438797,-2.8989608,5.2229223,14.412972,-37.758156,59.273006,3.1756842,-0.6184464,8.453124,7.1508946,-14.300131,31.200214,60.73588,1.974528,0.25166288,-10.849761,17.867073,13.118586
4,-0.030374139547348,-0.0702994242310524,83.94786834716797,0.5545402841474516,1.4222844123165483,92.56758152425397,9.32087,6.345068,24.08223,5.801642,-8.06065,-4.1977954,7.5314717,-6.9117985,-25.473124,5.991923,-6.8580055,5.2740707,-0.54522383,0.6235242,-2.89998,5.42606,14.45458,-37.63318,59.09784,3.1364384,-0.65760714,8.2834635,7.3364286,-14.371216,31.138094,60.503723,1.9301856,0.23032674,-10.850848,17.87519,13.101783
5,-0.0360989607870578,-0.0306555442512035,83.95215606689453,0.6412377739622488,1.5023880945606876,92.44648142550317,9.298915,6.2476068,24.23138,5.798855,-7.934165,-4.1940274,7.481891,-7.0124116,-25.42063,5.9342375,-6.8428307,5.2272234,-0.53238237,0.5605955,-2.8812056,5.526478,14.46216,-37.6105,59.07291,3.0763235,-0.642015,8.164228,7.3517437,-14.385793,31.128155,60.361786,1.8689798,0.2719824,-10.867188,17.90963,13.10415
6,-0.0487737730145454,-0.0186865646392107,83.96440887451172,0.6919196046083697,1.5170682787241097,92.36175148104536,9.300651,6.169392,24.257753,5.8046637,-7.822133,-4.0860305,7.443321,-7.0721807,-25.299465,5.9381247,-6.809474,5.3326287,-0.5470675,0.52818084,-2.7998242,5.657716,14.495437,-37.50368,58.887066,3.1810944,-0.45289877,7.950582,7.365012,-14.454332,31.087402,60.18289,1.8088123,0.204934,-10.988938,17.943543,13.052382
7,-0.0730083510279655,-0.0411872267723083,83.971435546875,0.7363188430333716,1.5378437018558395,92.25007727443554,9.28123,6.0884852,24.334148,5.8067183,-7.7352033,-4.030254,7.346323,-7.139805,-25.13686,5.9744244,-6.810431,5.4556804,-0.5621227,0.4798349,-2.7603967,5.6814046,14.518859,-37.3669,58.769726,3.1824734,-0.30654153,7.8338227,7.2992554,-14.510633,31.004946,60.000996,1.7880682,0.16073824,-11.061082,17.969209,12.993199
8,-0.1131359636783599,-0.1023025512695312,83.9771957397461,0.7651263411141515,1.5979423691900034,92.18777079011768,9.183746,6.0156693,24.405119,5.8026223,-7.686282,-3.9638343,7.2023096,-7.2036123,-25.046215,5.98033,-6.7121196,5.6302547,-0.5769036,0.43275785,-2.7674003,5.5802326,14.532497,-37.24434,58.65895,3.126763,-0.13605294,7.8245406,7.158388,-14.548204,30.919373,59.835445,1.685485,0.14991057,-11.262411,17.989515,12.944107
9,-0.1717917770147323,-0.2098657637834549,83.99685668945312,0.8187154079807744,1.526535696160351,92.06029749242975,9.201114,5.8808026,24.462029,5.7857585,-7.4803705,-3.9325645,7.1436753,-7.312161,-24.880644,5.994659,-6.684011,5.746157,-0.6604066,0.40968406,-2.5623877,5.143113,14.574494,-36.782074,58.35604,3.166631,0.059618883,7.763564,6.747421,-14.646882,30.574312,59.317177,1.5044863,0.0553149,-11.464582,18.010734,12.904058
10,-0.2512854337692261,-0.3666624426841736,84.01629638671875,0.8598150438334415,1.48940753623225,92.03111334993436,9.084659,5.7615724,24.446266,5.8486776,-7.360699,-3.827246,7.0452356,-7.417976,-24.780975,5.9718723,-6.5922794,5.85043,-0.7309762,0.3899435,-2.482901,4.1719365,14.647043,-36.22074,57.956104,3.1329095,0.24674238,7.9067793,6.0878644,-14.757371,30.079817,58.473087,1.6131706,-0.20922719,-11.806578,18.022835,12.854467
11,-0.352635383605957,-0.5783656239509583,84.03956604003906,0.8160538019136753,1.4085569965686349,91.99437503178748,8.969552,5.6862154,24.295557,5.881217,-7.271067,-3.6590683,6.9644346,-7.475981,-24.815966,5.9551916,-6.4838643,5.9207807,-0.7423496,0.3770725,-2.352866,2.4590175,14.768475,-35.410217,57.2985,3.110327,0.40164015,8.14588,4.9502807,-14.911921,29.239769,57.109318,1.8175617,-0.6295407,-12.357294,18.041202,12.811291
12,-0.4656262099742889,-0.8476331830024719,84.06217956542969,0.8555315551601055,1.3085777564046202,92.21257214193508,8.82575,5.5477,24.222572,5.859027,-7.1844935,-3.356982,6.87378,-7.6501145,-24.95737,6.019029,-6.4970555,6.0917025,-0.7273765,0.30680484,-2.2583249,0.4440696,14.942602,-34.519695,56.134,3.056406,0.52212477,8.375666,3.6483943,-15.108053,28.251728,55.084835,1.8194419,-0.9590788,-13.303724,17.998639,12.761833
13,-0.5853679776191711,-1.1737685203552246,84.0987548828125,0.8370351320763293,1.1089917972353045,92.44840118615188,8.714728,5.426698,23.937822,5.8183055,-7.081177,-3.2061152,6.844059,-7.7391605,-24.985523,6.0491676,-6.412317,6.0604973,-0.6636531,0.2820421,-2.0323749,-1.9618223,15.184486,-33.663918,54.63071,2.893878,0.52970266,8.942191,2.2432573,-15.400751,27.158812,52.65667,1.9220109,-1.519731,-14.399649,17.968179,12.737198
14,-0.7049522995948792,-1.5540179014205933,84.1578369140625,0.7412997312668999,0.8396800815982555,92.485781327121,8.553176,5.435973,23.768274,6.06895,-7.178375,-2.8051202,6.848184,-7.7790103,-25.130089,6.021761,-6.2147007,6.218134,-0.67133105,0.13627328,-1.7587036,-5.2634425,15.467054,-32.912926,52.84132,2.7921898,0.64022493,9.46759,0.12998293,-15.739224,26.027065,50.055714,2.4892077,-2.128836,-16.137304,17.945865,12.680718
15,-0.808010458946228,-1.9798835515975952,84.18273162841797,0.7287483753758485,0.6878236519691441,92.56208327362556,8.2691965,5.3213553,23.508957,6.1717415,-7.291364,-2.6822827,6.6817245,-7.8401003,-25.009825,5.953784,-6.051778,6.184161,-0.49575943,0.035553303,-1.2344545,-9.66842,15.8603115,-32.199978,50.8386,1.653986,0.2858608,10.056199,-2.7064607,-16.2086,24.834124,47.213303,2.419684,-2.6840699,-17.469204,17.932892,12.608135
16,-0.8896855711936951,-2.4380390644073486,84.2166748046875,0.7833174698575557,0.5763437865537373,92.58410261765154,8.011496,5.0754504,23.185526,6.0272493,-6.986985,-2.5833902,6.3469872,-8.062841,-25.053848,6.16878,-6.118776,6.0538883,-0.41022515,-0.044352677,-0.7047914,-14.390571,16.26627,-31.681704,48.9043,0.81048405,-0.025363171,11.089499,-6.1424694,-16.696554,23.723625,44.5284,3.859419,-3.4576428,-18.587786,17.973246,12.583739
17,-0.9370296001434326,-2.916098356246948,84.2463607788086,0.9349447731021086,0.4181746481457027,92.6452349046052,7.594772,4.7487617,22.510212,6.1936436,-6.799684,-2.4070768,6.1487575,-8.243645,-24.83377,6.0614696,-6.048076,5.9767613,-0.0877258,-0.30448288,-0.18701723,-20.869904,16.736526,-30.915155,46.559704,-0.2863329,0.4187537,11.94986,-10.7988615,-17.320179,22.74629,41.74063,4.672025,-3.8178532,-19.987669,18.045865,12.499063
18,-0.9559861421585084,-3.396664619445801,84.33536529541016,0.9129893625900594,0.1467180837796554,92.65623371185778,7.37696,4.6274014,21.930872,6.2052593,-6.3952913,-2.1270232,5.948136,-8.303936,-24.801334,6.2367754,-6.00965,5.9000287,0.2641537,-0.6406736,0.47742602,-28.178759,17.222656,-30.373842,43.816162,0.14464831,1.3904693,12.562231,-16.660053,-18.078875,22.220932,39.3982,5.3989635,-3.995211,-21.742779,18.136844,12.460274
19,-0.9352147579193116,-3.857744455337525,84.39282989501953,0.9084013097856772,-0.0881471743878241,92.68319110296638,7.2196693,4.590127,21.766396,6.157383,-6.19549,-1.9268539,5.7912955,-8.315679,-24.768282,6.262571,-5.801907,5.7881417,0.35398775,-0.9393105,1.4636289,-36.15328,17.70884,-29.818462,41.49338,-1.8787103,1.0271558,13.195906,-24.486462,-18.945017,21.902306,37.596348,7.875881,-3.5024483,-22.185564,18.139341,12.425895
20,-0.8702109456062317,-4.276524543762207,84.44232177734375,0.9735780144860688,-0.1560796292076516,92.59671907861303,6.7849708,4.5125413,21.390213,6.360923,-5.9091687,-1.6857325,5.49852,-8.337365,-24.662443,6.1954665,-5.4930835,5.6455526,0.42826873,-1.232217,2.6353762,-44.29492,18.21687,-28.963839,38.84411,-2.6165118,1.1819247,14.060008,-32.422836,-19.897438,21.969166,36.082645,9.052461,-3.4822624,-23.627531,18.233731,12.364676
21,-0.7666606307029724,-4.640895366668701,84.46871948242188,1.0705258455033126,-0.0443072140167815,92.5670533067495,6.2796655,4.394959,20.975327,6.3552556,-5.5050383,-1.4867339,4.965911,-8.4134,-24.545746,6.3831744,-5.3395305,5.1379466,0.2830213,-1.2224314,4.2671733,-52.47441,18.774836,-27.938969,36.60093,-2.6390412,1.0581528,15.054256,-41.335,-20.977457,22.166378,35.24665,9.885166,-3.4100146,-24.048561,18.358749,12.282989
22,-0.6279301047325134,-4.9492387771606445,84.45769500732422,1.1404593562981915,0.2756794048341252,92.70869074175918,5.632636,4.410275,20.878061,6.3137765,-5.1823926,-1.6896759,4.332797,-8.385806,-24.458729,6.4731092,-4.8649335,4.6337686,0.035832014,-0.9564783,6.4552975,-60.61257,19.275938,-27.050333,34.612103,-2.885677,1.1141173,15.507934,-51.26569,-21.96776,22.433277,35.662876,12.435749,-3.108325,-23.847187,18.410927,12.281076
23,-0.4644931852817535,-5.201747894287109,84.48471069335938,1.214937558447751,0.618499579784362,92.91180905556168,4.955802,4.560006,21.135006,6.448812,-4.6912713,-1.5658977,3.7845252,-8.285043,-24.338856,6.398119,-4.16922,4.354464,-0.046401385,-0.56718874,8.984741,-68.47571,19.823488,-26.43644,33.182858,-4.1401744,0.6410425,15.22687,-60.972134,-22.983952,22.750843,36.34695,15.826676,-3.5249212,-24.484999,18.43311,12.236641
24,-0.285671979188919,-5.4126877784729,84.4748306274414,1.4933202136573045,0.7444935213303256,93.2573982823677,4.485264,4.4003224,20.962244,6.510693,-3.8574252,-1.6764895,3.4555278,-8.426646,-24.28053,6.4796586,-3.419957,3.8251908,-0.13507956,-0.20317255,11.689097,-76.32126,20.244291,-26.23628,32.373062,-3.548694,1.4913695,15.457789,-70.74188,-23.831617,23.50685,37.590736,17.542624,-3.2121387,-24.337124,18.438429,12.268544
25,-0.1164352297782898,-5.59903621673584,84.42420196533203,1.6060798782467611,1.067378788611687,93.4397837649025,3.8935266,4.436287,20.93701,6.5566664,-3.377956,-1.7438936,2.894151,-8.333074,-24.05772,6.523613,-2.4689403,3.4760156,-0.12042668,0.27799782,14.735871,-83.87541,20.5954,-26.22359,32.239502,-4.465297,2.1223817,16.111458,-80.00427,-24.535286,24.198973,38.806107,19.253975,-2.7996736,-24.877155,18.44568,12.183176
26,0.0351706780493259,-5.791140079498291,84.36839294433594,1.7252782923404286,1.4953215447325248,93.70909800414618,3.1286485,4.483892,20.986427,6.7078714,-2.50036,-1.7810352,2.207176,-8.324634,-24.05084,6.6933045,-1.5273657,3.1077042,-0.14537999,0.61810374,18.098032,-90.60959,20.886723,-26.701277,32.44608,-5.8907814,2.2652905,16.139727,-88.05833,-25.194641,25.055508,39.642025,21.082205,-2.7795613,-25.058956,18.445958,12.139621
27,0.1597182750701904,-6.017466068267822,84.22373962402344,1.7580026698059923,2.425895450694678,93.92638531280215,1.7638465,4.580758,20.918047,6.88133,-1.4312311,-1.8029047,0.94587344,-8.24088,-24.039286,6.8621063,-0.45722532,2.671627,-0.1618312,0.980335,21.90894,-97.2591,21.096487,-27.592798,33.01092,-8.269973,2.4833212,16.5779,-95.75122,-25.844143,26.34568,40.745674,22.840483,-2.7770102,-25.53371,18.514115,11.997271
28,0.2571687996387481,-6.34828519821167,83.85774230957031,1.8615311540733552,3.2961604726368683,94.1068376598888,-0.52064365,4.7861786,20.282932,8.88298,-0.81951225,-1.7960256,-0.87436074,-8.43333,-23.79066,8.122638,0.5197191,2.245424,-0.034472052,1.3118415,25.846619,-103.13767,21.323906,-28.430504,33.42418,-9.011723,2.5511782,16.680092,-102.11431,-26.932016,27.479622,41.267464,22.803116,-3.5409744,-25.720648,18.476784,11.584231
29,0.3279503285884857,-6.842262268066406,82.73823547363281,1.7866659569744363,5.038955841473393,94.06308567276864,-9.694683,7.700354,19.91935,24.49538,-7.934138,-1.3751943,-10.489528,-11.591254,-22.90231,24.919073,-6.8802047,1.4412396,0.033003826,1.5558834,29.447342,-108.41885,21.45198,-29.309238,34.499233,-10.724388,2.1995656,17.169788,-107.94336,-27.884113,28.29866,42.148582,22.8863,-3.6917405,-25.268974,18.534443,10.81988
30,0.3784317970275879,-7.527495861053467,81.08946990966797,1.9621197150563872,7.367432306832994,94.085847918081,-18.613173,9.654328,19.03148,37.213127,-12.866059,-0.53620183,-19.278154,-13.9669,-21.535505,37.452377,-11.743417,0.74609023,0.13463578,1.6467661,29.793802,-110.70442,21.435585,-30.089964,35.658447,-11.299405,2.2101727,17.504587,-110.00628,-28.617922,29.355766,42.799316,22.264881,-4.1052537,-25.914673,19.128455,10.539784
31,0.4054500758647918,-8.413811683654785,78.97979736328125,1.7179014698485249,9.438169481208265,94.29468607766786,-26.678802,11.866452,18.259008,48.350426,-17.347666,0.71146613,-27.477608,-15.784672,-20.52676,48.903187,-15.995621,-0.0006950892,0.3778593,1.6945974,29.793802,-110.85457,21.272472,-30.388266,37.21329,-12.282245,2.0507402,17.550167,-110.12486,-29.095951,29.776318,43.74199,21.6999,-3.893168,-26.172525,19.572967,10.567676
32,0.4333562552928924,-9.488799095153809,76.47267150878906,1.6502392593007535,11.172560535098365,94.15027449762852,-34.83934,13.463721,16.815302,59.323105,-21.014416,1.996668,-35.35547,-17.399986,-19.103527,59.483513,-19.787058,-1.1174222,0.7014269,1.757461,29.793802,-110.93888,21.140066,-30.56962,39.63395,-12.916456,2.2772896,19.032055,-109.37425,-29.423159,30.47817,45.11158,21.085928,-3.7387238,-27.472128,20.313059,10.966211
33,0.4662122726440429,-10.730542182922363,73.64080810546875,1.2500914452637648,12.657813596349555,93.70673233817548,-42.576168,15.182389,15.34841,69.33237,-24.519402,3.1199813,-42.789845,-18.942455,-18.413908,69.3703,-22.958817,-2.3114338,0.95691895,1.96845,29.793802,-108.88201,20.91628,-31.378307,42.13433,-14.681182,1.2082027,21.009195,-107.66418,-29.641745,31.296755,46.61525,19.741465,-3.4858441,-28.395857,21.00894,11.734613
34,0.5241277813911438,-12.105639457702637,70.31990051269531,0.921534565546441,13.895820519290409,93.03817232536085,-50.538315,16.781853,13.78785,79.41433,-27.966047,4.2236114,-50.230385,-20.255262,-17.371021,79.0316,-26.281115,-3.492801,1.3301647,2.285233,29.793802,-105.62287,20.844368,-32.321022,45.861336,-14.602863,0.8423972,22.849783,-104.39722,-29.888657,32.26863,48.63599,17.803936,-3.4968114,-29.610203,21.758574,12.709408
35,0.6109392046928406,-13.57160186767578,66.96102142333984,0.9989698894842868,14.765941580696886,93.10155388752938,-57.93584,17.947197,12.600225,88.24189,-30.409496,5.7018633,-57.11945,-21.796638,-16.134527,87.86909,-29.207869,-4.7696905,1.7650683,2.430303,29.793802,-101.85431,20.99105,-34.01746,51.758656,-15.067238,0.86749643,23.87827,-100.1783,-30.124043,32.356827,52.294533,16.332079,-2.9900467,-30.361452,22.414419,13.955292
36,0.7263562083244324,-15.082303047180176,63.42106628417969,1.1637438153757973,15.114847975189178,92.8279840324214,-64.97127,19.105278,11.435406,96.678764,-32.567547,6.7671165,-63.520252,-23.501759,-15.048786,96.32404,-31.981153,-6.348319,2.2227573,2.714761,29.793802,-96.73241,21.275517,-35.718575,58.45822,-15.668529,1.5932658,23.967596,-94.61816,-30.378798,32.828526,56.320602,13.958,-1.5081186,-30.102057,23.111315,15.359123
37,0.8528088331222534,-16.577293395996094,60.00801467895508,1.4747664893444958,15.012022856378724,92.6720727654655,-71.20487,20.149357,10.464189,103.98981,-33.754963,8.148388,-69.75821,-24.785036,-13.442849,104.099045,-33.63079,-8.400759,2.4156985,2.6606677,29.793802,-87.26216,21.210087,-38.144924,64.50336,-13.317103,0.64116514,22.089062,-85.23868,-30.050142,32.28813,59.531708,11.350355,-2.5113516,-29.399406,23.744531,17.241749
38,0.9823964834213256,-18.01203727722168,55.91830062866211,2.312726073119653,13.161566653063767,92.90102312997205,-76.53523,21.117807,9.629191,112.53277,-35.399643,9.983321,-75.80966,-25.337507,-10.179395,113.048164,-35.016247,-10.666626,2.5973485,2.3616657,29.793802,-74.39445,21.013103,-40.070194,71.876045,-10.830017,-0.79120314,20.366657,-73.48979,-29.225739,31.726023,63.48756,9.82997,-3.5282137,-28.020012,23.89086,19.254525
39,1.0781255960464478,-19.285484313964844,51.74726104736328,2.404149365033479,11.214856831067456,92.65921612435947,-82.09352,21.65056,7.526822,120.72616,-37.232075,11.772114,-81.303444,-25.771597,-8.215365,121.341675,-36.02748,-14.269319,3.0701494,2.3947794,29.793802,-59.588207,20.79996,-40.13318,77.57767,-11.272665,-0.80887854,19.196764,-59.788494,-28.035732,30.985462,68.59433,9.94945,-3.1436048,-28.256926,24.270925,21.134301
40,1.1299574375152588,-20.30864715576172,48.3431396484375,2.3385922096700136,9.77113509406259,91.88185799416004,-86.7844,21.592026,5.348287,126.91681,-39.06969,13.059925,-86.11828,-24.673315,-6.335904,127.261826,-36.703964,-15.000033,3.809487,2.9049296,29.793802,-46.651554,20.665916,-40.12733,82.769424,-13.070419,0.30766425,18.087685,-45.934772,-26.709639,32.25345,75.53083,14.60849,-0.8249608,-25.770811,24.668628,23.247938
41,1.1469628810882568,-21.062360763549805,45.6995964050293,2.166774337055399,7.58080592039319,91.14435352426952,-89.43635,21.05127,3.34876,131.72527,-39.968334,13.891632,-88.516975,-24.191257,-5.394687,131.72285,-37.44237,-15.000033,4.1093073,3.262636,29.793802,-31.499718,20.662134,-39.214264,86.61039,-12.598857,1.2821968,16.693855,-29.199686,-25.515276,35.341125,81.544075,18.942942,1.9432007,-22.412327,24.712588,24.113163
42,1.1691229343414309,-21.506542205810547,43.95033264160156,1.8913379626067095,6.036726424085593,90.47474918766652,-91.10591,20.082514,1.6188574,134.71185,-40.251274,13.721698,-89.70465,-24.087063,-5.3784294,134.48001,-39.11564,-15.000033,4.1955123,3.5520163,29.793802,-13.470514,20.593243,-38.42797,87.90396,-7.9818707,3.2214706,14.985996,-10.991921,-24.246338,38.597782,84.01414,16.377508,4.9582605,-17.513891,24.680771,24.253644
43,1.2586625814437866,-21.592803955078125,43.57096481323242,1.5718636408285047,7.857144210367026,90.95016899280483,-93.741,20.9344,1.5324512,134.80962,-40.590073,14.012127,-91.98821,-23.665934,-5.988316,134.4884,-41.02857,-15.000033,4.419653,4.0959024,29.793802,7.851324,20.112778,-40.358067,86.19868,-1.6729966,5.907135,12.104684,7.5089235,-22.820694,42.7217,83.37152,4.8821235,7.2658906,-10.321116,25.442219,25.439671
44,1.3587887287139893,-21.372730255126957,43.87067413330078,1.143930096884808,9.874528917781443,91.23106276525208,-95.53805,21.652626,1.4512873,133.99968,-40.614487,14.193017,-93.38837,-22.635601,-6.5344567,133.58145,-41.2096,-15.000033,5.115267,5.0824223,29.793802,25.802326,19.355688,-40.271782,82.58998,-5.0606875,7.9052906,11.090872,23.300743,-21.18664,43.338676,80.61058,-2.7319324,9.322713,-5.919584,26.223007,26.34593
45,1.5075515508651731,-20.876819610595703,44.74069595336914,1.8652655075278943,12.416693590119436,91.99243129419705,-96.632095,20.913044,2.4138389,131.99792,-39.665634,13.754311,-94.67671,-21.751081,-5.9071565,131.95076,-40.560013,-15.000033,4.934014,4.8448553,29.793802,43.339,18.418596,-38.175774,77.20679,-15.880772,8.770825,14.01627,36.806984,-19.30889,39.855732,78.04887,-0.86135954,10.596941,-6.1108775,26.594129,27.526343
46,1.6384292840957642,-20.12541961669922,46.3729248046875,1.9134383557752328,15.85441847897503,91.73180693369504,-97.48793,19.40759,2.1989644,128.90894,-37.93968,12.771494,-95.43359,-20.232115,-6.5104265,128.82024,-39.215664,-15.000033,4.937298,5.160212,29.793802,58.18909,17.398405,-39.107307,69.9241,-21.945974,10.694105,21.991234,48.990334,-17.33246,39.141075,73.94398,0.33271536,11.456238,-8.177554,27.221605,28.566673
47,1.7224493026733398,-19.172588348388672,47.91588973999024,2.3322008078735394,18.691949092063755,91.6902402835077,-97.37257,18.290478,2.6090012,126.16247,-37.266415,12.191916,-95.115395,-20.412506,-6.6902514,126.155815,-38.095715,-15.000033,5.033343,5.492101,29.793802,68.23617,16.594427,-40.91154,64.71901,-23.312057,11.464998,26.06164,57.38414,-15.615818,39.35848,70.72472,-2.706764,10.430821,-9.990045,27.416226,28.525448
48,1.7802093029022217,-18.050142288208008,49.79338836669922,2.917955762627475,21.988237097511067,91.60927629024523,-96.9619,16.826328,3.2039676,122.6338,-36.142445,11.6488085,-94.89486,-19.92493,-6.679025,122.69168,-36.881798,-15.000033,5.2002015,5.9458327,29.793802,73.34968,15.740935,-43.185287,61.754845,-23.938725,12.173156,28.67834,62.367615,-13.990033,40.05481,69.10269,-3.7296681,9.881773,-10.666945,27.543852,28.87252
49,1.7719060182571411,-16.816591262817383,51.69852828979492,2.8351016037697527,24.9728514003226,91.56023372101428,-96.23918,16.214108,3.5145864,119.276215,-35.152126,11.592842,-94.165474,-19.513178,-7.208494,119.22952,-35.58952,-15.000033,5.4620585,6.44531,29.793802,73.25244,14.625605,-46.77698,60.9223,-25.127121,13.087391,29.897028,62.927822,-12.365353,42.395226,69.21396,-5.310091,9.880652,-10.202919,27.825856,28.825226
50,1.7119746208190918,-15.547921180725098,53.80939865112305,2.4757006222795366,26.64011211581069,91.41530953639344,-94.15526,15.580954,3.5724971,115.81936,-33.961735,12.021633,-91.63503,-18.510637,-7.7562222,115.26956,-34.242393,-15.000033,5.839681,6.5968904,29.793802,70.744705,13.301295,-49.595062,60.414536,-24.331852,13.797411,30.449787,59.133766,-10.808393,43.868446,70.01942,-7.173345,8.541884,-12.103335,28.052545,27.831241
51,1.5959759950637815,-14.29100513458252,55.72005081176758,2.3320107213414216,27.954982911777595,90.1635043485429,-91.59461,14.706609,3.6070201,112.739655,-33.12741,12.832907,-89.043,-18.352951,-8.330668,111.72386,-33.570583,-15.000033,5.715426,6.7232137,29.793802,63.360596,11.604018,-49.099983,59.740013,-24.567085,12.709379,29.271545,49.871464,-9.089222,43.607944,72.58019,-3.6113641,6.9926586,-11.544297,27.981472,26.859692
52,1.469777226448059,-13.155460357666016,57.3808479309082,2.502111033987431,27.399604328337556,90.39188976483123,-87.66452,14.109362,4.258723,110.0681,-32.319847,13.607667,-85.433876,-17.497097,-7.8337493,109.08507,-33.26452,-15.000033,6.0788383,6.722133,29.793802,53.200447,9.567018,-47.82862,60.99093,-26.69309,10.812614,28.056559,38.61112,-7.4363303,42.26284,75.813805,0.42536438,5.242729,-12.187117,27.446872,25.292957
53,1.3253964185714722,-12.174386024475098,58.89886093139648,2.5729329605305,26.23761791662381,90.5015372514991,-83.3671,13.706519,4.898042,107.52593,-31.600002,13.4145,-81.48065,-17.164696,-7.6602283,106.75511,-32.97613,-15.000033,5.941287,6.102485,29.793802,40.679882,7.599484,-44.86513,63.773945,-27.264952,8.853902,27.40007,26.397749,-6.264132,40.919617,79.57067,5.934321,3.7868044,-13.711224,26.779988,23.394598
54,1.1807425022125244,-11.430280685424805,60.9019889831543,1.9078722444724612,22.617686536043525,90.81704584052244,-76.15706,14.170565,5.534088,104.10566,-31.752588,11.686497,-74.67864,-16.978971,-8.608877,103.9032,-32.74385,-15.000033,5.009601,5.006107,29.793802,21.610659,6.4020443,-40.030956,68.84663,-23.336042,5.7603407,25.720451,8.609818,-6.365825,38.70209,84.10855,10.562802,0.9865629,-12.714276,25.652146,20.088004
55,1.0622444152832031,-10.86988639831543,63.36809539794922,2.1037202659692023,20.222421471473577,90.4352674902821,-68.45672,13.873902,7.1160054,98.05913,-31.524088,9.41845,-67.935616,-17.622135,-9.59644,98.8203,-31.93435,-14.123312,2.894686,3.8665528,29.793802,-1.8406471,7.614683,-32.03801,75.78964,-16.619238,3.9124644,26.831825,-11.31309,-8.432232,35.46737,87.5008,16.92516,-1.0935682,-18.534805,24.280643,17.288263
56,0.9936422109603882,-10.497703552246094,65.42658996582031,3.2901718199281307,16.989993360611987,90.87868756514546,-60.27212,13.41536,9.788797,92.374405,-32.37651,6.889262,-60.92814,-18.777767,-9.651984,94.344925,-32.325176,-11.496327,0.9879675,3.0872667,29.793802,-24.382113,12.10839,-24.6299,76.69074,-11.205566,0.311283,29.504787,-35.38962,-13.382432,30.1994,87.71318,17.696949,-4.0212846,-23.095095,22.403276,14.615716
57,0.9471100568771362,-10.251537322998049,67.93323516845703,3.427194213819368,12.447224998804757,91.64631065699112,-50.83411,14.651588,12.712737,85.913506,-32.866554,5.0420823,-51.566124,-19.296787,-11.280629,88.20812,-31.865225,-9.668344,0.028266924,3.8389251,29.793802,-44.942593,18.549469,-21.931864,75.0417,-6.7921786,-2.3864434,30.692776,-60.98818,-19.555698,30.450464,85.8784,13.2417345,-5.3842425,-25.086454,20.550504,11.485948
58,0.9429752826690674,-10.038644790649414,70.7780990600586,2.812103901591732,6.623134637767517,91.41290254887896,-40.31178,15.601615,14.820168,78.29338,-31.680885,3.4205432,-40.74538,-18.285322,-13.440567,80.00864,-30.200384,-6.5432396,1.2664112,4.889543,29.793802,-71.7022,27.30386,-25.888168,72.49657,-5.395919,-4.0467863,32.23024,-88.43981,-27.299639,38.471592,84.44892,15.695393,-6.6011086,-24.675518,18.742836,8.864918
59,0.9834901690483092,-9.696088790893556,74.96173095703125,2.6666129482464505,2.672729638120717,91.08483252267322,-29.1057,14.226818,17.245049,63.756664,-26.543554,0.64055264,-29.197964,-16.611217,-16.484137,64.88778,-24.83179,-4.2919683,2.2548707,3.0862324,29.793802,-101.603966,34.995304,-37.85436,72.71321,-5.6244264,-1.9726244,27.191832,-109.62395,-34.032032,48.610844,80.95031,12.050984,-4.01859,-19.917347,17.667702,8.16551
60,1.0591397285461426,-9.14681911468506,80.53495788574219,2.2285942331388835,0.3914266479059252,88.89458859842314,-15.776015,10.881122,19.23534,40.01657,-14.386942,-1.9030738,-15.482749,-13.204218,-20.822533,39.31158,-11.300831,-2.0256996,1.6432136,1.2508212,27.812464,-128.81068,40.81951,-53.537075,70.87821,-5.288512,-0.59530896,20.946096,-127.82343,-39.4911,60.38865,76.05852,15.0854025,-5.0813622,-13.852206,18.268311,9.837691
61,1.1701399087905884,-8.382688522338867,87.10161590576172,2.525474317687757,1.583571507617394,87.89246078967065,0.6842845,6.092019,21.112326,6.3054805,10.808355,-3.2183015,-0.12565611,-7.5592647,-23.87465,6.372515,15.014961,0.42659175,1.60273,1.2977306,22.280499,-142.6223,42.593296,-62.244076,67.7549,-6.9882874,-1.7779416,21.457825,-139.82121,-41.316696,68.26262,73.7067,20.60384,-7.9909015,-11.95534,22.521833,15.375786
62,1.3044252395629885,-7.591246604919434,93.54573822021484,2.7146518427056754,4.326971431384362,86.55565502886087,0.94163424,7.295069,18.227682,5.134584,25.086626,-4.7013946,-1.4518226,-8.228566,-20.801023,7.9459853,30.000067,5.5608077,1.4408654,1.5239512,16.061764,-150.4657,43.98226,-65.81396,64.23061,-14.031634,-3.2440398,26.207563,-145.62311,-42.788303,71.82853,71.89065,28.389635,-10.00521,-15.786861,30.745709,21.658447
63,1.5327013731002808,-6.571713924407959,99.94075012207033,3.786644918403999,4.41561034323382,88.24944806176954,-0.93289304,8.832306,17.652649,12.34997,30.000067,-5.254467,-4.6411777,-9.825444,-16.993717,18.681671,30.000067,9.075924,1.3774861,1.4429628,10.432413,-155.32114,45.024815,-69.63525,62.658306,-20.80742,-4.9217043,29.872486,-148.92737,-43.835888,77.27142,72.11917,35.176113,-12.937669,-20.06053,37.153736,27.571166
64,1.7638144493103027,-5.561807632446289,105.08011627197266,3.7079008470856927,3.6011043437033914,88.60640724556019,-2.0888708,9.590839,17.240845,19.783413,30.000067,-6.516826,-5.3427906,-9.000319,-14.054768,24.39406,30.000067,10.342016,1.5274491,1.1762655,4.7082767,-158.87207,46.044266,-74.27826,61.653294,-25.183073,-6.9302382,31.144497,-151.79398,-44.803326,85.74183,73.17476,36.184326,-14.461011,-23.093723,42.132425,32.463536
65,1.7736375610693358,-4.947002733126283,108.24450826644897,3.5411823500853594,1.8722605743956984,89.46696479689763,-3.1912425,9.412626,16.800188,27.882519,30.000067,-6.2338357,-6.102895,-7.315047,-10.1082325,32.56752,30.000067,10.931291,2.8651788,0.2968093,1.531168,-160.59177,47.559006,-76.45117,55.967613,-23.551699,-9.54966,33.514984,-154.58237,-46.064457,93.37754,73.513596,33.408447,-15.060749,-29.152384,44.763631062500004,34.895432875000004
66,1.8533201775280759,-4.433050561696291,110.66212749481201,2.863673227949305,-2.417679802852964,89.60930381744447,-7.7264924,13.861083,18.531368,47.04052,30.000067,-1.5498717,-10.541719,-7.045882,-8.992841,54.782543,30.000067,5.55992,2.7522607,-0.088608414,1.3172653,-161.3164,47.741528,-77.03482,49.770546,-19.852758,-12.483195,35.68462,-156.0481,-46.193554,94.626175,72.27557,31.614922,-14.914171,-37.714123,46.864286125,37.57668375
67,1.977316701610107,-4.406871093437076,111.72432374954224,1.1696847651683553,-5.802197032354835,90.16904008826228,-19.791534,23.508287,18.036999,77.60622,27.419518,4.75587,-23.786583,-8.966893,-9.093432,87.23618,30.000067,-0.70802546,3.0921779,0.4131582,2.1054306,-162.13258,48.38068,-76.761475,44.919598,-19.252335,-13.9488535,33.33378,-158.45728,-46.533485,95.39785,70.459015,33.57736,-14.090105,-40.777607,52.522177187500006,43.955595625
68,1.9700370950158685,-4.468790866434574,111.19943809509277,-1.0479031014719984,-8.604744002509221,90.68874215225593,-36.29552,33.119247,10.948695,110.05422,11.856643,8.680059,-38.266,-11.469056,-9.992286,115.834496,20.558443,-4.3603005,4.6133485,2.3283393,4.202865,-161.34845,48.539078,-77.20732,39.454617,-17.796698,-12.167083,28.397669,-160.44012,-46.611652,94.92149,66.910286,34.515564,-13.253485,-39.905293,62.39231925,52.814614500000005
69,1.9213601552764885,-4.623988093808293,110.02478742599486,-1.9893895249582647,-11.056666814584313,90.22923755142472,-52.892536,35.128155,1.4687794,132.56593,3.3378615,8.264395,-51.650837,-13.409895,-8.18534,136.70053,11.795348,-6.2226524,5.1335993,3.8229783,6.788507,-160.44312,48.660595,-77.59545,35.02145,-14.781794,-11.045652,24.278444,-161.64937,-46.66132,93.640396,59.895668,30.817867,-13.236344,-42.009193,72.67856731250001,62.25735637499999
70,1.7751039747381583,-4.875798728317022,109.02803134918213,-2.577427416314859,-13.509189310697584,90.43831350097624,-63.85204,32.709152,-2.3019583,142.29198,-0.2124821,5.629308,-61.655594,-15.230148,-6.1257067,145.89311,4.336972,-7.1080327,4.3156,4.273138,8.861047,-159.18356,48.772972,-77.4457,29.664745,-11.231752,-11.230709,23.449327,-162.03966,-46.726982,91.40753,52.30174,25.198917,-14.148039,-44.351627,79.299159375,70.09636425000001
71,1.5788077875622548,-5.073198666796088,108.25799798965454,-2.829269739278677,-15.444358090410562,90.62703743773189,-67.72767,30.655514,-0.8724148,141.51074,-2.5214918,2.924615,-66.55288,-16.270628,-4.0481267,142.50209,6.0889487,-5.221737,3.6028602,4.2395763,10.714416,-157.6769,48.901882,-76.55322,24.83877,-9.726519,-11.593711,21.487364,-161.79086,-46.84026,88.06596,45.505856,19.345913,-14.3585,-44.2591,81.0968414375,73.825959125
72,1.3287677611224353,-5.1386768370866776,107.7523078918457,-2.5571527599959625,-16.241274609013228,89.8476675048859,-65.09835,29.540094,2.4150321,132.03955,-1.8838363,2.7250822,-62.784454,-15.906762,-3.5762,128.55971,10.877736,-2.947777,3.1096213,3.8127856,13.223031,-156.13667,49.355976,-74.92225,20.8669,-7.6561284,-10.753132,17.942919,-162.0773,-47.37801,83.07994,40.460876,14.753742,-14.21194,-40.290363,78.24912850000001,70.00044500000001
73,1.021321309206542,-5.095178285613656,107.4890112876892,-1.524445590434813,-14.324652446100272,90.108180026909,-57.28042,25.290369,6.1312065,116.094,3.5437121,0.14782716,-53.52446,-14.695454,-3.9684498,107.55798,18.266356,1.1231309,0.5833073,2.2402422,16.189268,-154.17032,51.36318,-73.217415,18.04881,-6.2826185,-10.123714,14.685536,-159.36774,-50.20807,71.01585,34.443157,10.3201475,-12.809309,-33.558395,70.6173925625,60.542493875000005
74,0.6653094695648178,-4.9531008042395115,106.97270107269286,-0.3924884778750503,-11.609132883748638,90.93555637199398,-44.112606,20.990442,10.707096,93.11056,10.532701,-2.2928202,-38.41439,-14.385231,-6.6022534,79.67954,26.487053,4.9727316,0.62334716,1.2449379,17.134806,-148.35889,53.13665,-69.47901,16.969723,-4.5025597,-8.388083,15.000563,-155.45322,-52.942245,65.76516,32.630116,10.278341,-11.618998,-29.952894,59.401687625,47.40077375
75,0.3197494235937488,-4.67983609251678,105.18058824539183,1.633292986648152,-8.974346061259402,91.78204076328672,-26.820772,14.482442,15.39525,63.25177,19.06794,-4.298285,-20.794357,-13.954769,-9.429368,49.76916,30.000067,10.064759,1.146202,0.11494618,16.717894,-137.52936,54.15955,-63.58735,17.347883,-1.2216207,-5.5214543,15.917422,-148.61003,-54.427105,61.004623,32.37949,11.075906,-10.304842,-27.041752,46.3911976875,35.812443625
76,-0.06561269680969417,-4.4852777644991875,101.88657569885252,4.169688202637117,-6.176595423553965,92.1005199788002,-8.952079,7.339574,18.762089,30.022871,29.008488,-5.714788,-7.2045608,-15.1699915,-14.050461,27.213854,30.000067,11.536492,2.3255801,-1.6333462,14.023201,-123.47275,54.34147,-56.303528,16.80834,0.6288336,-1.6249006,17.765182,-138.5649,-54.790726,54.739723,32.260197,12.817137,-7.8574014,-25.449135,36.295762749999994,29.5075545
77,-0.5335272502270527,-4.464856641367078,97.52045011520384,3.490676277264384,-3.753053664524365,92.72221488798291,-0.8443327,5.3637033,16.793247,13.112483,30.000067,-7.739171,0.63769335,-12.975243,-19.739845,13.699769,30.000067,10.049741,3.4388962,-0.76103795,11.028036,-110.53635,53.775497,-50.750168,15.799825,-0.17436297,0.09334942,18.940094,-130.21384,-54.46018,49.330116,32.079803,14.704891,-5.9893947,-24.10191,31.283006812500002,25.984415374999998
78,-0.9968055159552023,-4.6398455910384655,92.75132465362546,1.989348644986969,-1.1500609018196273,93.36294503487828,1.4387913,6.2423463,15.490629,7.7310505,30.000067,-8.34444,3.7446065,-9.806853,-20.520916,6.9759593,30.000067,9.756463,3.9575818,0.32463834,8.734431,-100.21072,52.768192,-45.697643,14.745162,-1.6062207,1.2575196,19.800106,-123.0472,-53.7119,44.626278,32.001152,18.733143,-4.9862967,-23.081142,27.030841875,21.53246525
79,-1.431134520971682,-4.9876524861902,87.87763833999632,1.5254346539005348,0.8533248494449358,94.05483060135984,3.416647,6.4946976,16.143734,5.218772,23.06886,-6.9490066,5.7115936,-8.522684,-22.336723,5.299607,21.73527,8.128789,4.3116636,0.4792292,6.90582,-93.1412,51.88857,-40.9352,14.545876,-3.5472438,1.5091704,20.287197,-118.76156,-53.156788,40.674263,32.62142,21.855326,-5.070747,-23.044737,22.3460779375,16.862424125
80,-1.8001351663842797,-5.357565492391586,83.63929748535153,2.102473152442769,-1.5068882933505023,94.17506964029926,6.966546,5.548347,18.158527,6.357731,8.773002,-3.6212466,9.066379,-8.965029,-25.063944,6.343271,6.099039,4.792996,4.171015,-0.4984023,6.985844,-83.24885,51.18156,-35.120064,13.156042,-1.8579874,0.76577973,22.475716,-109.96205,-52.82985,37.09118,31.786774,20.649225,-4.0836186,-23.615618,17.081951,12.501636999999999
81,-1.8930521318688984,-5.419726222753525,80.86763763427734,-1.1383678610178165,-5.872333741857705,93.9047311173954,1.962565,10.065931,17.836306,28.557169,-15.765185,-2.5797417,4.7014866,-11.363747,-24.741467,27.052114,-15.137048,2.7329664,4.001696,1.5808991,9.076143,-65.520226,50.377014,-23.980885,9.231764,2.5849316,1.2484068,25.522028,-98.984764,-52.922977,30.543953,28.121664,15.807222,-1.1600672,-26.001654,13.012536,8.239429000000001
82,-1.850653917528689,-5.604177623987198,78.28473663330078,-2.326517573211754,-8.710092205620214,93.26656152615236,-2.7458174,13.040646,18.136086,43.228073,-24.150753,-1.8496664,0.1997206,-14.079863,-23.961998,41.211708,-23.765072,1.7705611,2.8713512,1.5065428,10.800466,-42.69593,48.317295,-14.426479,5.5407143,4.5016513,-0.71339977,26.092215,-79.50523,-52.228527,22.303679,23.75723,10.051227,-0.6895594,-25.835672,10.554680000000001,5.275416
83,-1.6398616144433618,-5.6918045580387115,77.00186920166014,-2.0141337421879904,-11.041715692111168,92.33547727683514,-3.4146416,14.506512,19.187126,49.782734,-28.24493,-1.4611619,-0.5497187,-15.776389,-23.869211,47.135475,-27.124987,1.0949297,2.5545673,0.7288319,12.776716,-22.53658,43.678024,-10.409416,6.862445,3.2060833,-1.088547,24.699703,-54.958393,-49.501507,12.033479,21.445162,11.200824,-0.65988183,-25.857628,9.309234,4.1646339999999995
84,-1.2841437170282006,-5.548383265733719,77.21313476562499,-0.7960480710947331,-10.649434826547196,91.29512962492004,-2.3520842,13.566434,20.48073,47.36099,-28.460844,-2.424949,-0.7598912,-16.56265,-23.785627,46.464397,-26.964787,0.523266,3.6499095,1.2966418,13.357994,-8.558793,37.440742,-13.955069,14.6691265,1.5522854,-0.13248919,22.827324,-31.66525,-44.180504,6.3277025,22.428425,9.892446,-0.67038155,-26.526499,9.478822000000001,4.660954
85,-0.8319790670648217,-5.18042853474617,78.14828491210936,-0.256723046755531,-10.0406324180156,91.30779136622098,-0.75005615,13.045594,21.485153,43.175434,-25.99227,-2.4630334,0.9292333,-15.851888,-24.684847,41.86782,-24.596325,0.6641566,3.199467,2.0532136,12.496921,0.6768437,31.268396,-19.56585,28.636787,1.3308613,-0.26536256,19.142168,-14.651643,-37.745888,7.1975827,27.972704,12.368838,-2.9545908,-24.845097,10.142547,5.689903000000001
86,-0.32285693380981684,-4.58951523900032,79.54827880859374,0.5602959400376039,-8.768314216686955,91.55025931655948,2.4487555,11.228062,22.775759,34.141525,-21.451107,-3.296972,2.869151,-14.418131,-24.817774,34.87465,-20.365059,0.7103594,1.979288,2.4626894,10.953272,6.819116,25.753231,-24.282269,42.436497,-1.2990025,0.33592492,15.141295,-2.592938,-31.418709,11.9320135,38.157448,14.464347,-2.4051497,-19.85992,11.100829000000001,7.288898
87,0.17320057656615973,-3.855431228876114,80.98603057861325,1.512421130784422,-8.217579675700552,91.06576703481863,6.4273987,8.933227,23.085194,24.761326,-15.351918,-3.8448536,6.2537136,-12.809833,-25.314247,26.439735,-15.38594,1.0710851,0.92929584,2.3625395,8.79698,10.994562,21.581837,-28.7332,53.048424,-2.4672828,0.80940807,12.201212,6.0894866,-26.310799,18.307365,49.777325,14.897224,-1.6166583,-15.80818,12.371515000000002,9.148727000000001
88,0.5772165944799781,-3.0444959700107574,82.42525482177734,1.6734795562585194,-6.289287492343563,89.8530173428616,12.059057,6.4768586,23.496975,9.034699,-5.922062,-4.347427,10.844278,-9.006788,-27.086752,12.607914,-6.9359484,2.0467644,0.407034,2.4657094,6.14109,14.105334,18.608505,-31.75036,59.173244,-3.6186323,1.1349337,11.238615,11.777199,-22.45016,23.867847,57.92808,14.107928,-0.8680328,-13.196556,14.511614000000002,11.74512
89,0.8309993436560035,-2.2861162722110753,83.51291656494138,0.5913118454687163,-3.737273111966125,88.96959749646624,11.137305,7.910271,23.253738,6.7416396,-3.8002317,-4.7508645,11.2295475,-5.9727654,-27.232605,7.074242,-1.9768763,2.724039,-0.0635409,3.225696,2.9951622,17.330767,17.510946,-34.289906,61.614716,-4.6123104,1.1576909,10.698541,16.450392,-20.834503,28.356237,60.888866,12.776372,-0.22909488,-10.842341,16.439889,13.204059999999998
90,0.9691099813207984,-1.5750321447849274,84.26298522949217,0.064524334469417,-1.5694012103774098,88.52676618270075,9.630657,8.809627,22.990438,6.334463,-1.6979743,-5.028482,9.965483,-5.298716,-27.386822,6.5926514,0.5641119,2.9667473,-0.6918643,3.4879837,0.91724855,20.143456,16.91047,-35.614887,62.30607,-5.5175486,0.66335976,10.525124,19.753239,-19.76821,30.883625,61.134705,11.694119,0.04838705,-10.107858,17.845581,14.040544999999998
91,1.0111188581213355,-0.9147352278232574,84.73288726806638,-0.0173231190694066,-0.3683057468111902,88.07848957768142,8.967379,8.828649,22.466343,5.863939,0.379472,-5.371782,9.281438,-5.38748,-27.37287,6.4227514,2.4497335,3.036546,-1.0966266,3.2056775,0.012785376,21.498976,16.525032,-36.87782,63.16174,-6.7931685,-0.02019545,9.834545,20.94791,-18.916267,33.194016,61.585888,10.881359,-0.66074073,-9.117315,18.814389,14.633194
92,0.9830918004736304,-0.3783859312534332,85.00368499755858,-0.1498403149812908,0.4897843107856294,87.91206570858145,8.374221,8.76376,22.39514,5.8307023,1.3336993,-5.3662,8.731583,-5.686285,-27.289738,6.191069,3.331649,3.6402934,-1.2258848,2.6605031,-0.58563876,22.082342,16.254505,-37.07538,63.169594,-6.6152086,-0.30384114,9.303306,21.346226,-18.146198,34.14262,61.875973,10.377372,-0.90223783,-8.749143,19.346018,14.871186999999999
93,0.9133290937170386,0.015750497579574585,84.9575958251953,0.0279435307331108,1.1033593228351877,88.21018816312366,8.043752,8.298149,22.194054,5.6745367,1.1001104,-5.4439697,8.400643,-6.3025985,-27.502625,6.0540266,2.6799226,4.249073,-1.1190861,2.0025582,-1.1044352,21.529463,16.100445,-36.532997,63.25414,-5.8020124,-0.49144536,8.984559,20.78009,-17.475172,34.25489,62.38605,10.041656,-1.1142416,-8.410752,19.460703000000002,14.955748
94,0.8281054189428687,0.2682596147060403,84.69258880615234,0.42605499466636,1.524097930890315,88.59846407802294,8.00402,7.801527,22.727037,5.477487,-0.23793057,-5.1163535,8.150219,-6.747278,-26.923666,5.919069,0.88592935,4.798715,-0.89828444,1.5557616,-1.3628696,19.890554,16.048033,-35.73264,63.915855,-5.0037265,-0.19978297,8.826017,19.209959,-16.967598,34.182304,63.252758,9.294962,-1.1259013,-8.186413,19.183982999999998,14.472876
95,0.7327570607885727,0.39229831099510193,84.4324493408203,0.5940154796488025,1.5028911536451564,88.64079639414103,8.114419,7.561037,22.871895,5.692001,-2.0448105,-4.813796,8.133672,-6.9588585,-26.389824,5.876592,-0.930656,5.0850925,-0.43205068,1.2982905,-1.6414065,17.573479,16.037409,-34.32975,64.54443,-4.0868893,0.25386178,8.584957,17.501396,-16.510202,33.919632,63.99915,8.39614,-1.3184992,-7.6798754,18.90289,13.975299
96,0.645204990170896,0.4142213761806488,84.23400115966795,0.9319670590055078,1.3140271611378942,88.91595605896418,8.277345,7.160444,22.958475,5.769846,-3.2191677,-4.54566,8.200536,-7.3154693,-25.886633,5.9734087,-2.6194963,5.1052175,-0.32963774,0.99223936,-1.7345895,14.737282,16.092249,-32.778305,65.36219,-2.4237916,0.71914893,8.912482,15.329102,-16.060522,33.551228,64.66068,8.063456,-0.9585551,-7.801317,18.617148999999998,13.581216999999999
97,0.5529966047033668,0.36655911803245633,84.13281249999999,1.1417003574475637,1.235028763831983,88.92057379628939,8.273817,6.7760954,22.655708,5.770029,-3.734327,-4.4362073,8.205009,-7.497139,-25.350327,5.8096657,-3.5193236,5.29145,-0.12702435,0.763174,-1.7418346,11.764122,16.214222,-31.525215,66.10378,-1.18323,1.0511403,8.8096895,13.039372,-15.726679,33.135353,65.28481,6.308329,-0.3597678,-7.4641004,18.565179,13.321874000000001
98,0.4494576146826148,0.2725306451320648,84.08563232421874,1.101659932850559,1.1250915777049066,88.986811250247,8.174971,6.6392646,22.076399,5.862648,-4.19545,-4.3822064,8.059644,-7.414687,-24.59385,5.9344125,-4.041144,5.5873613,-0.02463632,0.5428478,-1.5534655,9.006557,16.365437,-30.786413,66.60049,-0.9086528,1.1703581,8.723384,10.817735,-15.440584,32.78424,65.64656,4.697267,0.20906597,-7.3730497,18.567847,13.019348
99,0.33844515588134527,0.15698441863059998,84.06629180908202,1.061708364972513,1.0876181518739714,89.17135739294145,8.065076,6.5937095,21.987011,5.8907347,-4.420124,-4.315629,7.976781,-7.450468,-24.577852,5.990844,-4.190809,5.818025,0.124308966,0.3525113,-1.3667417,6.7288074,16.518335,-30.274221,66.48025,-0.23603553,1.2038484,8.899825,8.615971,-15.183214,32.30513,65.89393,3.5350544,0.6079918,-7.6401896,18.506605999999998,12.95319
100,0.21928545739501715,0.037904828786849976,84.08212280273436,1.0670876688252748,0.9630515804217462,89.52800008711363,8.003091,6.49047,21.744785,5.8993015,-4.324369,-4.310245,8.085824,-7.457901,-24.456179,5.842936,-3.9713202,5.8656397,0.18289572,0.30970633,-1.354518,4.8952384,16.650585,-29.96032,65.910805,-0.22865221,1.3666743,9.165764,6.719627,-15.019999,31.795307,65.82112,3.1322176,0.70906657,-7.617724,18.455489,12.941679999999998
101,0.09195706155151129,-0.08136788010597229,84.09229278564452,1.0357654832504637,0.8316072334079544,89.96992409254993,8.088070729166667,6.4474679791666665,21.925466583333332,5.877050770833335,-4.4475067458333335,-4.246937975000001,8.118801179166667,-7.536603125,-24.609926083333335,5.955452258333334,-4.06158575,5.8588927625,0.2858738608333333,0.26762262125,-1.4582062125000002,3.4495194624999996,16.6630445,-30.086313166666667,64.70616125000001,-0.15798490583333336,1.3003149291666667,9.481751958333334,5.120983829166666,-14.893803583333334,31.287536958333334,65.45803341666667,2.436036741666667,0.73197976875,-8.186017083333333,18.338905,12.951536
102,-0.043532402254641056,-0.19340983033180237,84.08314514160153,0.8691130717557232,0.8078388791286256,90.23668922527351,8.102057141666666,6.539568066666666,22.11103175,5.885277191666667,-4.631784,-4.083012266666667,8.136003608333333,-7.485638716666666,-24.93602525,5.8974945,-4.202522858333333,5.790020458333332,0.3429658841666667,0.1903580583333333,-1.582028275,2.2687554666666667,16.6594425,-30.15703308333333,63.833657499999994,-0.41312355,0.820609775,9.811107416666667,3.8185350916666665,-14.834653083333334,30.701325,64.93364608333333,2.6226930499999996,0.38157958166666667,-8.441519999999999,18.245868,12.947191
103,-0.17530801985412925,-0.3013271391391754,84.08321380615234,0.8210374419055809,0.6563153618737712,90.5115860136627,8.2192860625,6.4746466875,22.10732725,5.904634325,-4.823384750000001,-3.9941579999999997,8.229120162500001,-7.5388258125,-25.0815695,5.9487044375,-4.437801625,5.786249625,0.4024830575,0.14833573,-1.7427592125000002,1.3122059,16.656974875,-30.4021735,62.989394749999995,-0.23040052500000008,0.60099035125,9.614965125000001,2.9237873000000003,-14.82948425,30.22241075,64.49288837499999,2.2749050375,0.19343618875,-8.895949,18.167461,12.942153999999999
104,-0.2986958334222436,-0.39905110001564026,84.11713409423825,0.7992564466266413,0.49475445844078336,90.86250334970093,8.33342425,6.371296166666667,21.944975,5.889471433333333,-4.8902003333333335,-3.812999783333333,8.390904966666668,-7.608255833333333,-25.330047833333335,5.9551429166666665,-4.518206416666667,5.579233083333334,0.44061553666666664,0.13084980333333332,-1.9200148333333331,0.4616451666666665,16.678919999999998,-30.809112333333335,62.18083583333333,0.3247599499999999,0.7809372833333335,9.267812916666667,2.316999233333333,-14.878452,29.815639833333336,64.00648616666666,2.051596966666667,0.09969459166666667,-9.349173666666667,18.131520000000002,12.984055999999999
105,-0.4114313432946801,-0.483485609292984,84.12435913085936,0.727827741160284,0.4951145712507542,91.16116106357649,8.252443187499999,6.3106125875000005,21.622552166666665,5.936585941666666,-5.082618820833334,-3.7910894749999997,8.422420979166667,-7.611359941666667,-25.6449435,5.9101442083333335,-4.6515815541666665,5.351255575,0.3637646537499999,0.12169712375000002,-2.072919295833333,-0.04319913333333347,16.68343958333333,-31.17681195833333,61.537741833333335,0.7950027108333334,0.7749761166666667,9.124226166666666,1.9610812791666665,-14.958807333333333,29.4201405,63.48536979166666,2.2692435125,0.097472496125,-9.533918,18.153517,13.072292000000001
106,-0.5059471437707543,-0.5521592199802399,84.14533233642578,0.7158681604081301,0.4616631707670228,91.5015791251176,8.251555525,6.242170875,21.495878250000004,5.961594399999999,-5.23910575,-3.678032425,8.519040575,-7.680820499999999,-26.081205500000003,5.894909,-4.7611954999999995,5.17672275,0.3885319675,0.14030295375000001,-2.133135825,-0.23744512500000003,16.68586875,-31.5750575,60.813315,1.29793768,0.6765403,9.230864,1.9658655649999999,-15.06593175,29.023889750000002,62.947343999999994,2.237586575,0.12018413750000001,-9.916325,18.132357,13.206845999999999
107,-0.5838542291894555,-0.600762277841568,84.14466094970702,0.6690031416184055,0.47300427013574814,91.71249978792957,8.333493483333333,6.243214183333333,21.63778458333333,5.867534320833332,-5.490295079166667,-3.5465225541666663,8.486083670833333,-7.654265375,-26.145549333333335,5.938659791666667,-4.873650708333333,5.192106145833333,0.3394167579166667,0.13757003854166666,-2.20976485,-0.11195148333333327,16.65223208333333,-31.942564291666663,60.16501520833333,1.765799470833333,0.6939517083333332,9.237647541666668,2.11758769625,-15.147904541666666,28.743848291666666,62.461559124999994,2.7187664541666665,0.14479767166666666,-10.081340749999999,18.072329,13.160658999999999
108,-0.6382122347131376,-0.6267508566379547,84.15253448486325,0.7157381133205409,0.47175330433684776,91.87765123509394,8.366702166666666,6.1538395,21.654638666666667,5.914378466666667,-5.619097733333334,-3.5468758000000005,8.489145100000002,-7.683599000000001,-26.098441333333334,5.919971333333334,-4.960397,5.159770833333334,0.3226428233333334,0.1796533,-2.2743252,0.16350379999999975,16.601875333333332,-32.317891333333336,59.54037533333334,1.9770672999999999,0.6430320666666667,9.180634666666666,2.394138173333333,-15.222672000000001,28.569933666666667,62.02448366666667,2.7264454333333337,0.08509964833333333,-10.301762,18.064766,13.160288999999999
109,-0.6751852342858906,-0.6321605741977692,84.15077972412108,0.7145890425842719,0.509384595223345,91.95398901024143,8.4171876875,6.140269437500001,21.799245625,5.92856635,-5.7597773750000005,-3.58480895,8.4472389875,-7.664125,-26.08577075,5.917710312500001,-5.1020351875,5.21922425,0.3028783012499999,0.2108502125,-2.312818,0.5707793749999999,16.539246875,-32.6912465,59.11215,1.9604116375,0.448044575,9.092784375,2.7686809625,-15.293661375,28.473258374999997,61.586040125,2.7248798625000004,0.120401115,-10.402815750000002,18.048651,13.166913999999998
110,-0.692181141115725,-0.6195577681064606,84.15602874755858,0.7254292638803268,0.5328234791891115,92.05040926532146,8.525917125,6.110157708333333,21.92927583333333,5.8501684916666665,-5.839996733333333,-3.596335983333333,8.416602708333333,-7.640845708333333,-26.037019333333333,5.9357316,-5.247924749999999,5.264591366666666,0.21991546249999994,0.23803982583333338,-2.3949121416666665,1.0555803,16.449694083333334,-33.17634875,58.794944,2.0771322666666667,0.3149529183333333,8.835105916666667,3.1362494916666663,-15.330666166666665,28.533856166666666,61.2786205,2.69348675,0.099398047,-10.481485458333333,18.037008,13.154802
111,-0.6908076116815209,-0.594780832529068,84.13634490966795,0.7182320211501977,0.6225977737246989,92.06382229665093,8.550347645833334,6.131801020833334,22.130438458333337,5.867955983333333,-6.020533708333334,-3.6525258083333334,8.3319666375,-7.592572416666667,-26.016688583333334,5.910575666666667,-5.4438463,5.3581854,0.11785445291666674,0.2439562933333333,-2.450153975,1.6710909958333326,16.341425833333336,-33.778070625,58.64951525,2.2822757416666666,0.04724481166666672,8.795096375000002,3.5159984504166664,-15.344077208333335,28.705649541666666,60.98884483333334,2.6941533833333335,0.11519805295833334,-10.663134166666666,18.027101000000002,13.146795000000001
112,-0.6692126104608178,-0.5632432997226715,84.1295928955078,0.7381831460828467,0.6982997705328615,91.99562756318025,8.623019,6.117335049999999,22.3559665,5.8431957,-6.092354,-3.7070627,8.228303149999999,-7.5691805,-25.9072295,5.91100635,-5.61109585,5.40449975,0.045334984999999994,0.236030935,-2.5132246,2.4435660049999997,16.194679999999998,-34.263196,58.5519325,2.3474949499999997,-0.0514251,8.6520705,3.9800944499999997,-15.3219165,28.8505945,60.7318705,2.755951,0.1476897815,-10.706987000000002,18.058471,13.104508
113,-0.6319811651483178,-0.5319017469882965,84.13107299804686,0.7063455878118502,0.7100754898654922,91.95006054444977,8.7494580625,6.169547408333333,22.5516175,5.834949075,-6.268230166666667,-3.762994308333333,8.195274495833333,-7.486226666666667,-25.841603916666667,5.918352333333333,-5.686948291666666,5.416243254166667,-0.016268623333333287,0.27772938999999996,-2.5513323249999997,3.230164725,16.02092275,-34.73320725,58.36291658333333,2.6303457708333333,0.009890822916666764,8.7040300625,4.514064220833333,-15.284785458333333,29.083043041666667,60.56462483333334,2.6961510041666665,0.20148155,-10.852104,18.060093000000002,13.085937999999999
114,-0.5765037843957543,-0.5048770010471344,84.11243438720702,0.7208423398651083,0.770472444346049,91.96674085080156,8.813981541666667,6.181682041666667,22.762182916666667,5.821095266666667,-6.413370083333334,-3.865397033333333,8.127592175,-7.4579775,-25.844046166666665,5.930054875,-5.8159815,5.397557333333333,-0.0723803925,0.33503527083333334,-2.5628685,3.947510125,15.8205825,-35.18203775,58.29524000000001,2.706632158333333,-0.07940138333333335,8.755413333333333,5.0721193583333335,-15.213456999999998,29.36542025,60.47493991666667,2.5765595083333332,0.2547636916666667,-10.988144083333335,18.043689,13.131986000000001
115,-0.5106098959222436,-0.4860166609287262,84.08394622802734,0.7117621284885428,0.8135688553000259,91.9934315605288,8.857024562500001,6.2099309625,22.866764625,5.8543684375,-6.6329684875,-4.0094639875,8.0724243125,-7.390969312499999,-25.804236500000002,5.9321448875,-5.9355305000000005,5.3635614375,-0.1474199375,0.41127642,-2.561279025,4.508431012499999,15.615413624999999,-35.613495125,58.33748625,2.781902575,-0.12170562499999996,8.778466250000001,5.5979168,-15.117651,29.688712625,60.48261112499999,2.4798924125,0.27582008375,-10.977108125,18.039875000000002,13.182261999999998
116,-0.4388373205438256,-0.4739440977573395,84.07366943359374,0.7003091474695469,0.8332269831936593,92.0274242598233,8.925842000000001,6.224900233333333,22.92526133333333,5.860462966666667,-6.798456666666667,-4.0906896999999995,8.041030533333334,-7.326826666666667,-25.776031333333336,5.935268,-6.036948466666667,5.328446100000001,-0.21310810333333333,0.4701221553333333,-2.5869594333333334,4.906414999999999,15.410447666666666,-36.051188333333336,58.430784,2.880803433333333,-0.20925875666666666,8.756103,6.0627306,-15.012174666666667,30.04349933333333,60.535798,2.2759152,0.20109924666666668,-11.088395333333334,18.064542,13.224205999999999
117,-0.366842539049685,-0.467125803232193,84.05914306640624,0.67026813980681,0.8607919871602243,92.0550978091683,9.0017084375,6.263407483333333,23.04128825,5.848794508333333,-6.991719916666668,-4.152639604166667,7.983824004166667,-7.249216125,-25.727038916666665,5.962392033333334,-6.147750541666667,5.285019904166667,-0.29510222541666675,0.53279825425,-2.610022579166667,5.150613754166666,15.217217208333333,-36.42138366666667,58.635459499999996,2.8647815999999997,-0.27115717500000003,8.740117666666668,6.387829525,-14.894543124999998,30.30965845833333,60.590846291666665,2.2967460875,0.24061184583333334,-11.023638375,18.066965,13.217742000000001
118,-0.2953162500634785,-0.46162548661231995,84.04175567626952,0.6485990697863109,0.8892265381863567,92.12191419054012,9.074406625000002,6.300384125,23.198584500000003,5.841044699999999,-7.1844793750000004,-4.19468215,7.940456725000001,-7.185264500000001,-25.711212,5.9781364,-6.261528649999999,5.235352375,-0.36364203,0.5793458375,-2.665318225,5.28788125,15.028712500000001,-36.766185,58.87006575,2.9446925,-0.24174165,8.7943025,6.618291425,-14.7744365,30.561929749999997,60.674849249999994,2.28782465,0.3011474075,-10.964522500000001,18.014984000000002,13.234172000000001
119,-0.2278483221307397,-0.452871710062027,84.03826904296874,0.6309926062214719,0.9107283804178001,92.2152801641039,9.132797270833334,6.3210993124999995,23.288225833333332,5.851705829166667,-7.349233354166667,-4.210741158333333,7.910866404166667,-7.116542375,-25.656241791666666,5.973368854166666,-6.342208020833333,5.199418395833334,-0.4151770904166666,0.6181838562499999,-2.7144222291666664,5.3346188125000005,14.867881041666667,-37.03055608333334,59.05027416666667,3.000369533333333,-0.27043963333333326,8.832203333333334,6.775592295833333,-14.659530750000002,30.747981499999998,60.737082208333334,2.2435331958333333,0.3179666125,-10.957009291666667,17.984511,13.198597
120,-0.16835692618042275,-0.43842020630836487,84.03088378906249,0.6055227607732003,0.9332551461784663,92.30571121444538,9.194398249999999,6.34041435,23.3701815,5.852257166666667,-7.504282333333333,-4.230777166666666,7.8814658333333325,-7.052442,-25.63062,5.975842833333333,-6.44780445,5.159026016666667,-0.456467505,0.6492493433333334,-2.77508375,5.294680833333333,14.724689333333334,-37.258159166666665,59.215639333333336,3.04748365,-0.3025976933333333,8.841124833333334,6.873751666666666,-14.5495745,30.911607833333335,60.78983583333333,2.1621821666666667,0.32582417499999994,-10.948941,17.947571,13.191241999999999
121,-0.11748173926025718,-0.4174889624118805,84.01361083984374,0.5816809382199372,0.9730731802294035,92.3917666126779,9.2401484375,6.3486583125000005,23.445276250000003,5.845729587499999,-7.64525285,-4.2441287999999995,7.8279712625,-7.005276075,-25.629506375,5.998336575000001,-6.561894,5.1334928125,-0.49643164500000003,0.67282074625,-2.8157540250000004,5.2246299249999995,14.605432500000001,-37.43453275,59.31613125,3.1341146249999996,-0.35667842,8.85921125,6.9132641375,-14.448649125000001,31.028976625,60.837531125,2.0596241375,0.31590666875,-10.964288250000001,17.934261,13.193349000000001
122,-0.07354238722473383,-0.3926638662815094,84.00234985351562,0.5617068049103433,1.0011290158476536,92.48764225981392,9.290838125,6.349002266666666,23.510659250000003,5.846591883333334,-7.7821705833333334,-4.245936266666666,7.792012775,-6.961661083333334,-25.623191,6.0071824750000005,-6.671110333333333,5.106938508333333,-0.5348141366666667,0.6874480166666666,-2.8649859333333336,5.123194116666666,14.50357275,-37.58632741666666,59.38861416666666,3.2283230249999995,-0.39935728333333326,8.874252250000001,6.92266695,-14.355448,31.1242705,60.88629808333333,1.9518817750000002,0.30863579583333334,-10.980182166666667,17.89345,13.184873
123,-0.03809765074402094,-0.36645784974098206,83.99205780029295,0.5410139920996581,1.0279369965167031,92.58017012456958,9.339354979166668,6.3426697875,23.559242458333333,5.847270925,-7.910747041666667,-4.243957220833333,7.756745704166667,-6.9226745125,-25.624531166666667,6.015077145833333,-6.774702275,5.0837016875000005,-0.5702104733333333,0.6965625733333334,-2.9023521583333336,5.0181850416666665,14.418250916666667,-37.709279375,59.4159675,3.3294352666666667,-0.4475630583333334,8.888791416666669,6.9042918,-14.27052825,31.192324041666666,60.92614029166666,1.8276839125,0.2908146729166667,-11.001204791666668,17.868094,13.199485
124,-0.010875494219362736,-0.3417285978794098,83.9913101196289,0.5191040244688084,1.0499130806857977,92.66854539024855,9.3915205,6.3319845,23.59758,5.8455286,-8.032918,-4.2418222,7.7223773,-6.885315,-25.620272,6.02576,-6.877355,5.0566335,-0.60325253,0.7019742,-2.936106,4.914177,14.34507,-37.815674,59.4201,3.4269187,-0.4937948,8.90084,6.8692904,-14.192892,31.244549,60.960117,1.7018363,0.27036905,-11.024012,17.867614,13.185675
