root_translateX,root_translateY,root_translateZ,root_quaternionW,root_quaternionX,root_quaternionY,root_quaternionZ,left_hip_pitch_joint,left_hip_roll_joint,left_hip_yaw_joint,left_knee_joint,left_ankle_pitch_joint,left_ankle_roll_joint,right_hip_pitch_joint,right_hip_roll_joint,right_hip_yaw_joint,right_knee_joint,right_ankle_pitch_joint,right_ankle_roll_joint,waist_yaw_joint,waist_roll_joint,waist_pitch_joint,left_shoulder_pitch_joint,left_shoulder_roll_joint,left_shoulder_yaw_joint,left_elbow_joint,left_wrist_roll_joint,left_wrist_pitch_joint,left_wrist_yaw_joint,right_shoulder_pitch_joint,right_shoulder_roll_joint,right_shoulder_yaw_joint,right_elbow_joint,right_wrist_roll_joint,right_wrist_pitch_joint,right_wrist_yaw_joint,left_foot_x,left_foot_y,left_foot_z,right_foot_x,right_foot_y,right_foot_z
0.020732348784804344,-0.009403018280863762,0.7804089188575744,0.9978566473607874,0.0036003603134364686,0.06528653028493714,0.0026110700597350473,-0.11379026692268955,0.1507270786134267,0.22233069348961781,0.14761938154697418,-0.1173529028892517,-0.17410767078399658,-0.09265970911007484,-0.16707062789909988,-0.3002168100486845,0.13647820055484772,-0.14068523049354553,0.1949976831674576,-0.019595861434936523,0.0,0.0,-0.16826400160789487,0.33500927686691284,-0.8470240831375122,1.1233848333358765,0.058681655675172806,-0.026929795742034912,0.03635941445827484,-0.22753404080867767,-0.26221898198127747,0.7923017144203186,1.1594455242156982,-0.10013617575168608,-0.02636178955435753,0.004161544609814881,-0.04545628743459396,0.16635787501657817,0.031720154921437066,-0.050290934922909536,-0.1724809138562905,0.029178926935764984
0.02149740234017372,-0.00949128158390522,0.7805330753326416,0.9978381877018319,0.004680029828404518,0.06548412931762616,0.0029794785184232954,-0.11169906050052153,0.14821898195731165,0.22325095558804897,0.14563879370689392,-0.11889513581991196,-0.17455443739891052,-0.091317634654845,-0.1692943426062996,-0.30162949889016966,0.1372721642255783,-0.1431991159915924,0.19818635284900665,-0.020362498238682743,0.0,0.0,-0.16934363543987274,0.33491525053977966,-0.8503233194351196,1.1194821596145628,0.05864519625902176,-0.02473568357527256,0.03294460475444794,-0.22683233022689817,-0.2634744942188263,0.7891234755516051,1.1578681468963623,-0.09701360762119293,-0.024252634495496746,0.008456702344119549,-0.04575586594820974,0.1663748409325313,0.03212465413662438,-0.050729159056761286,-0.17200724471228235,0.029160803659220642
0.02207127958536148,-0.009412009268999101,0.7805286049842833,0.9977937751086702,0.0059130915646303335,0.06601216937826385,0.0038744285400860853,-0.11093941671672468,0.14560921044454211,0.2220670273706361,0.1431356370449066,-0.11802803725004196,-0.17463664710521698,-0.09185814461518398,-0.17244898395881858,-0.30240973041937935,0.13908420503139496,-0.146683007478714,0.20040304958820343,-0.02255238406360149,0.0,0.0,-0.171144500374794,0.33629453182220453,-0.8538221716880798,1.1151537895202637,0.05792952328920364,-0.0248247142881155,0.03176705911755562,-0.22539681196212769,-0.26453933119773865,0.785856544971466,1.1556713581085205,-0.08971799165010451,-0.022749371826648712,0.012978535145521164,-0.04602600590465697,0.16710073966037486,0.032460945613279404,-0.05078763561975354,-0.17171989906698767,0.028987675593410037
0.022832307964563366,-0.009140528738498688,0.7807492613792419,0.9976980659969086,0.0066744269880988595,0.06729886488557435,0.004988378045218631,-0.11291829225703462,0.143904675504122,0.22059760194690456,0.1417524367570877,-0.1163688078522682,-0.17455805838108063,-0.0943390891812631,-0.1746596705112835,-0.30118283083555064,0.14144471287727356,-0.15050414204597473,0.2016768902540207,-0.025152958929538727,0.0,0.0,-0.1725378930568695,0.3378681242465973,-0.855639636516571,1.1126430034637451,0.055514108389616006,-0.02379785291850567,0.032750803977251046,-0.2238514870405197,-0.26391372084617615,0.7832005620002745,1.1530687808990479,-0.08307795226573944,-0.02141526341438293,0.017721595242619514,-0.045931135121907246,0.1678070237304551,0.032922646681620975,-0.050714862004494876,-0.17166223016780294,0.029201259087790084
0.02259908802807331,-0.00899367593228817,0.7809520363807678,0.9974906286997555,0.006758854085007065,0.07022088619074424,0.0059825320902472025,-0.12222783122516005,0.1437811816682668,0.21907043126675835,0.14585478603839874,-0.11765648424625395,-0.1745430678129196,-0.10355483390010897,-0.17593092231202778,-0.2984902146218925,0.1473880112171173,-0.15506616234779355,0.20186613500118253,-0.028257625177502632,0.0,0.0,-0.17581437528133392,0.34041649103164673,-0.852182149887085,1.1122230291366575,0.04988691210746765,-0.0215667262673378,0.03467376157641411,-0.222448855638504,-0.26262953877449036,0.7805041074752807,1.1488866806030271,-0.07823960483074188,-0.02043970860540867,0.022899284958839417,-0.04614195108986368,0.1679398470044533,0.033270266961799196,-0.050883409784282796,-0.1720267405468081,0.029587789545545046
0.021542103961110115,-0.008544542826712132,0.7808727025985717,0.997002834298769,0.006370940435404996,0.07681807209802755,0.006613873096166491,-0.1477793189231469,0.14547284318725473,0.21791519531172512,0.16495417058467865,-0.12686815857887268,-0.17490392923355103,-0.12997681776488804,-0.17783204335115865,-0.2934958628277722,0.16898149251937866,-0.16550740599632263,0.20107917487621307,-0.031100597232580185,0.0,0.0,-0.18316081166267395,0.34469023346900934,-0.8440279364585875,1.1096776723861694,0.044347479939460754,-0.018985142931342125,0.03642382472753525,-0.2239406853914261,-0.26221364736557007,0.7785933017730714,1.141254186630249,-0.07522547990083694,-0.02067323960363865,0.02817804552614689,-0.04648037772449942,0.16760381345083078,0.03354607110197827,-0.05106398715733711,-0.17191899954878,0.030142993895320203
0.01928393542766571,-0.008068328723311424,0.7798157930374146,0.9960421788884519,0.006039218970364174,0.08846839622847752,0.006070302968911708,-0.198715227946672,0.14905255719281896,0.2179734302958784,0.2117832899093628,-0.15091867744922635,-0.17527076601982117,-0.18462041276835406,-0.18226924900239605,-0.2855961084548009,0.2204938977956772,-0.18861740827560425,0.1996442675590515,-0.03280027210712433,0.0,0.0,-0.1936223953962326,0.3516097366809845,-0.8307498097419738,1.1026980876922607,0.04246051609516144,-0.017586348578333855,0.038520291447639465,-0.2312773764133453,-0.2643892168998718,0.7771184444427489,1.1303914785385132,-0.0745646059513092,-0.023586217314004895,0.032096609473228455,-0.046883747118826674,0.16619418859421106,0.03372438081219231,-0.051063629919630794,-0.17068189381913765,0.030649599676134936
0.014852367341518402,-0.007373339496552944,0.7767797708511353,0.9942558604661949,0.006121052629391716,0.10677827496408189,0.004026988829124491,-0.28179479055944806,0.15417595721817223,0.22052942816307414,0.29389479756355286,-0.191059485077858,-0.17386870086193085,-0.2750903258480448,-0.18898038682699303,-0.2714690356866706,0.30682894587516785,-0.22598303854465485,0.19781835377216336,-0.033356454223394394,0.0,0.0,-0.20780982077121732,0.36125853657722473,-0.8099137544631958,1.0880842208862305,0.044187646359205246,-0.01714498922228813,0.043853066861629486,-0.24797824025154117,-0.2688717544078827,0.7722625732421875,1.1183922290802,-0.0735870972275734,-0.0271284393966198,0.034135375171899796,-0.04839400917220798,0.16306438607963344,0.03391850321255406,-0.051161899934997576,-0.16788650088861054,0.031135436393987144
0.008286403492093086,-0.006330406758934259,0.770663022994995,0.9910913892222359,0.007021328689816061,0.13298991605081578,0.001497124498830095,-0.4060283192708617,0.1607574494791062,0.22101842466089597,0.42276957631111145,-0.24432460963726044,-0.17012079060077667,-0.4116562048028561,-0.19922446685560158,-0.24913788969544998,0.439111202955246,-0.2758654057979584,0.19606411457061768,-0.034602515399456024,0.0,0.0,-0.2244964838027954,0.37669220566749567,-0.7794654369354248,1.0643897056579588,0.04769280180335045,-0.018962031230330467,0.05518990382552146,-0.27330055832862854,-0.27841717004776,0.7610113620758056,1.1019117832183836,-0.06870593875646591,-0.03242988511919975,0.030497156083583832,-0.051036966262958464,0.15837805685231338,0.035523743103426944,-0.049977121019080445,-0.16361991963379355,0.03290878688972934
-0.0004882435314357281,-0.004738070070743561,0.7599407434463502,0.9860147720455338,0.008832156514332497,0.16641906317557537,-0.0012480909680427591,-0.5642292428177943,0.16728511556016534,0.22356232776792986,0.5872949957847595,-0.3092924654483795,-0.16749802231788635,-0.5775436198027961,-0.20721785153741257,-0.2202927958746121,0.5827935934066772,-0.3267372846603393,0.19125138223171237,-0.03239099308848381,0.0,0.0,-0.25313910841941833,0.3967401683330536,-0.7404384613037108,1.0287113189697263,0.052426282316446304,-0.02327029779553413,0.06888788938522339,-0.3100528419017792,-0.2959723174571991,0.738528847694397,1.0829540491104124,-0.05423654988408089,-0.037456214427948,0.026079406961798668,-0.05505409122109004,0.1511432684795099,0.03905374481328884,-0.04766323264172414,-0.15833478308987453,0.03462395714542464
-0.010080357082188128,-0.0031428446527570486,0.7428533434867859,0.9790502076861614,0.012066296651743972,0.20325500631708887,-0.001580418247378528,-0.7401596995088586,0.17043745078712735,0.2137493552048334,0.762832522392273,-0.3750553131103516,-0.16089189052581787,-0.76534373188806,-0.22443355940575693,-0.19922120595823062,0.7539042830467224,-0.3902384340763092,0.18180303275585172,-0.03789904713630676,0.0,0.0,-0.27971386909484863,0.42384719848632807,-0.6923050284385681,0.9836779236793518,0.05462834239006042,-0.026249328628182408,0.08361271023750305,-0.3452072739601135,-0.3206808567047119,0.701815128326416,1.0541892051696775,-0.03723181411623954,-0.04348238185048103,0.014237841591238976,-0.05885212142661019,0.1466741798463386,0.0431808695188992,-0.04531005179149104,-0.15232645976397222,0.03715116273340017
-0.01902101002633572,-0.0014706141082569957,0.7202982306480408,0.970488488500998,0.016103279808401177,0.2406033545908637,-0.0016744629239681945,-0.9172223113600027,0.17315073174328943,0.20502817636424203,0.9328753352165222,-0.4420715868473053,-0.1609443724155426,-0.9514234068392365,-0.24509117746742048,-0.18116130393565555,0.9204068183898925,-0.4522231221199036,0.17776283621788025,-0.043247025460004807,0.0,0.0,-0.3116872608661652,0.45586818456649775,-0.6496420502662659,0.9344569444656371,0.06584252417087555,-0.03336498513817787,0.09766742587089537,-0.3833250403404236,-0.35215044021606445,0.6634635925292969,1.0225764513015747,-0.015652047470211983,-0.0549590028822422,0.004064309876412152,-0.06123043391181872,0.14371123329526217,0.04676440699205608,-0.04427909464095918,-0.14667251537676732,0.038944793369266095
-0.027488574385643005,-9.108101949095726e-06,0.6928226947784424,0.9602681074110915,0.02029206069218275,0.2783368185817944,-0.0014175978804872704,-1.0940358784304873,0.17544754460204648,0.19770221169689134,1.0952773094177246,-0.5110194087028505,-0.16249226033687592,-1.1370174582269992,-0.2684235257561731,-0.16760600281736066,1.0837414264678955,-0.5156036019325256,0.1766013354063034,-0.04811334237456322,0.0,0.0,-0.3465940058231354,0.4927420914173126,-0.6098531484603882,0.8817660808563232,0.08051143586635588,-0.04326457157731056,0.11050537973642348,-0.4207457900047302,-0.38947227597236633,0.6272963881492615,0.9926518201828003,0.0033645706716924906,-0.06745612621307373,-0.005116072483360767,-0.06279829674799785,0.1410631321067083,0.04928867849768798,-0.04412264425480584,-0.14077283653869788,0.04028967586597605
-0.03460736945271492,0.0011609923094511032,0.6621599793434143,0.9484545836595584,0.0238283653956682,0.3160154749766159,-0.0005755979918985475,-1.27444153651919,0.17753234169359966,0.18819122109324493,1.2568392753601074,-0.5736799836158752,-0.16279901564121246,-1.3211396284749901,-0.29151620709078685,-0.15776831582756778,1.2442511320114136,-0.5761095285415649,0.17592932283878326,-0.05167168006300926,0.0,0.0,-0.386039912700653,0.5327461361885071,-0.5733910202980042,0.8312299847602845,0.0966384783387184,-0.056766372174024575,0.12593305110931396,-0.4624157845973969,-0.4306599795818329,0.5930518507957457,0.9692955613136292,0.016899660229682922,-0.08054831624031066,-0.013790732249617577,-0.06271349119785025,0.13856341377955347,0.052949555988030104,-0.044000641004457365,-0.13409918692141887,0.04258888138909776
-0.03999597579240799,0.0014588590711355207,0.6306083798408508,0.9355005991110438,0.026224037451454494,0.3523505764977701,-1.2818428607298904e-05,-1.4513449787690675,0.18063744388315928,0.17554754041203235,1.410866618156433,-0.6247377991676331,-0.16379627585411072,-1.4977599679381215,-0.31086575055008536,-0.14827633123239592,1.3940958976745603,-0.6294155120849608,0.17803090810775757,-0.05345683917403221,0.0,0.0,-0.42808273434638977,0.5751639604568481,-0.537307858467102,0.788335382938385,0.11055666208267212,-0.07284163683652876,0.14807678759098053,-0.5063172578811646,-0.47515717148780817,0.5621515512466431,0.9560893177986144,0.024987710639834404,-0.09410228580236435,-0.022932432591915127,-0.061441445447927755,0.1362700362245198,0.05807370156122427,-0.043576672394790565,-0.12871469109105504,0.04614116303420121
-0.04356823116540909,0.0013331444934010504,0.600230872631073,0.9234689995069343,0.026362454400567285,0.38276595540630726,-0.0005013277737994524,-1.6075796880975917,0.18942048359668973,0.16099781483064424,1.5500069856643677,-0.6690457463264465,-0.16632957756519315,-1.652152016841237,-0.32197061796932847,-0.13701796419844803,1.529120683670044,-0.6743758320808411,0.18393640220165247,-0.05095929279923439,0.0,0.0,-0.4727381467819214,0.6154950261116028,-0.5028908848762512,0.771270751953125,0.111421599984169,-0.09071028977632521,0.17786695063114166,-0.5490634441375732,-0.5178487896919249,0.536207377910614,0.9578890800476073,0.02960543148219585,-0.10953015834093092,-0.02973923273384571,-0.059761790714254026,0.1345659280949572,0.06314226227032158,-0.04341037179445026,-0.12570211053383326,0.050563765649096426
-0.04490552842617034,0.0006629759445786476,0.5728338956832886,0.9155384606027783,0.024348513101160082,0.4014846911923483,-0.0025533908909694722,-1.7261950400938433,0.2062919691999916,0.14312188713373142,1.6689622402191162,-0.7108983993530273,-0.16939273476600647,-1.7653419048139058,-0.32606024627715535,-0.1202095718771713,1.6462690830230713,-0.7125664949417113,0.19355812668800357,-0.0445563830435276,0.0,0.0,-0.5212555527687073,0.6472585201263428,-0.47293102741241455,0.7954683303833008,0.0947921946644783,-0.10526058077812193,0.21772600710392,-0.5855069756507874,-0.5516906976699829,0.5183494091033936,0.9838650226593016,0.032518502324819565,-0.12215197086334229,-0.02858341857790947,-0.05665892083323613,0.134308854952946,0.06646315718647,-0.04444859818868922,-0.12739982254433543,0.05443120560847576
-0.04468733817338944,-0.0004165414720773697,0.5506560802459717,0.912399314350797,0.0214484490730147,0.4087136013245951,-0.0045439296690888975,-1.8009999275727564,0.22521534153656764,0.12570124240310765,1.76380717754364,-0.7483361363410949,-0.1703946888446808,-1.8339654337358695,-0.3263589300671763,-0.10290920867377917,1.7390735149383545,-0.7449163794517517,0.20394043624401087,-0.03771897777915001,0.0,0.0,-0.5704284310340881,0.6719086170196533,-0.45583817362785334,0.8408128023147582,0.0707121193408966,-0.11365639418363573,0.2584788501262665,-0.6168314218521118,-0.5793635249137878,0.5069478154182434,1.0200512409210205,0.03106708824634552,-0.12983007729053497,-0.018562857061624527,-0.054203624208192976,0.13440069914665356,0.06823719643975663,-0.04574043798308082,-0.13121484651380413,0.05683847477021004
-0.04285963997244834,-0.0013242014683783054,0.5363310575485228,0.912973935799553,0.019230837572822852,0.40752878664316317,-0.005390314839848896,-1.8338282516928999,0.23752588576606004,0.11162397771661736,1.827674865722656,-0.7759049534797667,-0.17036515474319458,-1.8605699392103792,-0.32783946668434094,-0.0967595217153927,1.8005640506744385,-0.7734636664390565,0.21093696355819705,-0.034837208688259125,0.0,0.0,-0.6181922554969788,0.7001352310180664,-0.46298235654830927,0.8702714443206787,0.05985336378216744,-0.11645402759313583,0.2881717085838318,-0.6417382955551147,-0.6072097420692444,0.49345123767852783,1.0415444374084473,0.0309116393327713,-0.1366013139486313,-0.006295873783528805,-0.052442077362063674,0.13483512045770657,0.06929377559677849,-0.045624276353100415,-0.1322395164988962,0.057840478857550136
-0.03988633677363396,-0.002505870070308447,0.5312600135803223,0.916781685167889,0.01761919560857435,0.39897206238984884,-0.004711594127579681,-1.8215666051478094,0.24205160251431002,0.10363940035148256,1.8578659296035769,-0.794191837310791,-0.1708209067583084,-1.842861749060215,-0.3302528617567795,-0.10414776284937344,1.8274412155151367,-0.7980735898017883,0.21347439289093015,-0.03522983938455582,0.0,0.0,-0.6684053540229796,0.7451651692390442,-0.5072339177131653,0.8653479218482971,0.08152517676353455,-0.11349134892225264,0.30316540598869324,-0.6574872136116028,-0.6409436464309692,0.47460824251174927,1.0376007556915283,0.03379342332482337,-0.14560741186141968,0.007828790694475174,-0.05279036467410699,0.13456746262091002,0.0696805232197959,-0.0450517889500242,-0.13032894499402942,0.057395644567073564
-0.0349205806851387,-0.0044799186289310455,0.5371735095977783,0.9236103515138869,0.015848336238785156,0.3830028940484216,-0.0012377258946914462,-1.7637278409999038,0.24011354062872226,0.09880862593314321,1.8472750186920168,-0.7966609597206116,-0.1720205396413803,-1.7740748757209115,-0.3310360932680678,-0.12466221617355633,1.814392566680908,-0.81680428981781,0.21498867869377136,-0.03990448638796806,0.0,0.0,-0.7204000949859619,0.8173568248748779,-0.5891856551170349,0.8192186951637267,0.14364375174045563,-0.1080280989408493,0.30128514766693115,-0.6580192446708679,-0.6795261502265929,0.4447128474712372,0.9997612237930298,0.028594329953193665,-0.15787632763385773,0.02202846296131611,-0.053763316808400644,0.13458388639317914,0.06937127987666522,-0.04448556929600079,-0.1263704603991068,0.05563935960365417
-0.027598500251770016,-0.006578133441507816,0.5540398359298706,0.9334733848793236,0.012785930961561156,0.35837424590424916,0.005644427689772799,-1.6575612651925553,0.23656772606656973,0.0968585756110596,1.792364239692688,-0.7812083363533021,-0.17153377830982208,-1.6520459335211943,-0.329760861267163,-0.15099822693110476,1.7588560581207275,-0.8226850628852845,0.21640115976333615,-0.04934745654463768,0.0,0.0,-0.7668527960777282,0.9164246320724488,-0.6878417134284973,0.7258657217025757,0.22769895195961,-0.1069374904036522,0.28080505132675165,-0.6280810832977295,-0.7216390371322631,0.4076371192932129,0.9238082170486449,0.015544853173196316,-0.1731991022825241,0.04059064388275146,-0.05523938689636944,0.13559892813141539,0.06755565827182268,-0.04454084396826075,-0.12337889211635544,0.05270002089325542
-0.01640699803829193,-0.00811243336647749,0.582798182964325,0.9458380238172913,0.00800412288923132,0.3241853176569283,0.015173876691589977,-1.5005434745619755,0.2349653410682564,0.09955245043841876,1.682048201560974,-0.7406691312789918,-0.1671227216720581,-1.4750963248498468,-0.3224819245617505,-0.1736680024335554,1.6519231796264648,-0.7976040244102478,0.21536569297313687,-0.06414307653903961,0.0,0.0,-0.7904837131500243,1.0314403772354124,-0.7666145563125609,0.6087289452552795,0.29929205775260925,-0.11527258157730103,0.2480870634317398,-0.5555222630500793,-0.7645091414451598,0.3734830319881439,0.8173460364341735,-0.0003059289883822202,-0.18651235103607175,0.07399698346853256,-0.054827500770322064,0.1378340661763526,0.06354403432414461,-0.045276135251861534,-0.12537383167928245,0.049242483746319995
-0.0017976555973291395,-0.008575739338994026,0.6240112781524657,0.9583183896159871,0.0017223374655914864,0.28448805877065597,0.026257229373635144,-1.295728575693508,0.2337118958072928,0.11271328280769766,1.5013492107391355,-0.6623290777206421,-0.15751031041145325,-1.2567213504696033,-0.3023227179714041,-0.19115533158129283,1.483886957168579,-0.726909101009369,0.20396380126476288,-0.08676046878099442,0.0,0.0,-0.7746265530586242,1.1556158065795898,-0.8130874037742615,0.49122491478919983,0.3387546241283417,-0.1254596710205078,0.22064653038978577,-0.44006234407424927,-0.8004900217056273,0.3540697991847992,0.6909000873565674,-0.023614445701241493,-0.1883297860622406,0.1166129782795906,-0.053986389879176054,0.13963779137458573,0.05749845559483792,-0.046539369074666936,-0.13288614683006114,0.047636799755832016
0.017679434269666672,-0.00779161462560296,0.6798967719078064,0.9694177784230987,-0.00397480155553475,0.24283506710937702,0.03527750007869848,-1.0496164685059806,0.22840504317766563,0.13472934274095466,1.2333780527114868,-0.5287923812866211,-0.15086378157138824,-1.0081584374511274,-0.26870074839063385,-0.2072793772172919,1.2386497259140015,-0.5815863609313965,0.1906361281871796,-0.11643911898136138,0.0,0.0,-0.6713202595710753,1.2799363136291504,-0.8105257749557494,0.39908894896507263,0.3539420962333679,-0.14714932441711423,0.21600779891014096,-0.2948422431945801,-0.83076012134552,0.34710201621055603,0.5734749436378479,-0.0752476081252098,-0.19571931660175323,0.1706224828958511,-0.049117477688657596,0.14326194751341637,0.05439157665471393,-0.0442699246523026,-0.14370679949006557,0.051898622736473415
0.041715539991855614,-0.00559677230194211,0.749292254447937,0.9801399178473379,-0.007706860039419624,0.19445733356652883,0.03811418597769349,-0.7318211352986483,0.2170331218567787,0.17130783421945772,0.8479058742523193,-0.29093396663665766,-0.1637478768825531,-0.7106543615502668,-0.22712337854942466,-0.22404349630477216,0.8810234665870665,-0.3220055401325226,0.18655116856098172,-0.14415402710437775,0.0,0.0,-0.47223466634750366,1.3663997650146484,-0.7521765828132628,0.3506326675415039,0.34139901399612427,-0.1627660095691681,0.2272077649831772,-0.14540585875511167,-0.85348641872406,0.3646811842918396,0.519290030002594,-0.16174359619617462,-0.20316550135612488,0.18673419952392575,-0.04253923924773475,0.15032893666932978,0.05896701790864593,-0.03454475795344391,-0.15865535247646395,0.06321010451295979
0.06700398772954941,-0.0044349306263029575,0.8245385289192199,0.9893266430862656,-0.00968216515449023,0.14205812325559272,0.030960274137688454,-0.3966633627194087,0.20483058550388678,0.22305423585399953,0.38502883911132807,0.16616371273994443,-0.18626616895198825,-0.4059118040698779,-0.19174707138055025,-0.23286818866701406,0.45712482929229736,0.11678534746170044,0.20303353667259216,-0.15130050480365753,0.0,0.0,-0.2425350099802017,1.365639090538025,-0.6832418441772461,0.35939863324165344,0.3130326569080353,-0.18739847838878632,0.23352003097534177,-0.005845460575073957,-0.8527558445930482,0.3837658166885376,0.5577882528305054,-0.2596133053302765,-0.2059491127729416,0.1527898460626602,-0.018952124830348117,0.16289588456715787,0.08759265513140908,-0.010395654512922329,-0.18116971769817117,0.09546258086024262
0.08538605272769928,-0.0049975560978055,0.894945502281189,0.9943063432314523,-0.013517578419568887,0.10399638200980783,0.018892416791887145,-0.22462165903294046,0.22466696277955633,0.25138651157502023,0.17377032339572906,0.5236,-0.2306939661502838,-0.18838895656583687,-0.1846411285403673,-0.32906810777618434,0.16709905862808228,0.49651381373405457,0.23162220418453217,-0.1402602195739746,0.0,0.0,-0.07199519872665405,1.29657244682312,-0.6112686395645142,0.4403348565101624,0.2871509790420532,-0.2014915496110916,0.2196923643350601,0.07680735737085342,-0.8084089159965515,0.38636282086372375,0.6855191588401793,-0.31062099337577814,-0.20497889816761017,0.10516178607940672,0.00823333334826337,0.178753145041158,0.14913876854577013,0.007292174720195586,-0.19213402467105617,0.15421295014220263
0.08733183890581131,-0.0033860588446259494,0.9557380080223085,0.9943474116580621,-0.015475807184764358,0.10404024386548365,0.014469000563387107,-0.2435970922468675,0.23725080205394988,0.2711023696012734,0.2629409432411194,0.5236,-0.21934762597084043,-0.19021329404645052,-0.20486138518332653,-0.37413424356484826,0.2786879241466522,0.5190377235412598,0.22734013199806213,-0.1316337287425995,0.0,0.0,-0.04076031595468521,1.1831601858139038,-0.5708602666854857,0.588887631893158,0.23928871750831604,-0.18700820207595825,0.21679070591926572,0.0520198829472065,-0.7245819568634033,0.37675890326499933,0.8659130334854126,-0.28839197754859924,-0.20646671950817108,0.04481448978185654,-0.0011471242912864856,0.17153914308024143,0.21306328889374068,-0.020056851615179137,-0.18361886028897562,0.22270990312264374
0.0760599374771118,-0.004050105810165404,1.0061793327331543,0.9908791617775788,-0.01523065413230935,0.1328666504587399,0.016521716785488416,-0.4609278625803912,0.18755714969110793,0.052056754114572334,0.6429858803749084,0.5236,-0.24530085921287537,-0.4162771340940027,-0.14667288238837406,-0.17837800432376238,0.6079360842704773,0.4975744187831879,0.2618,-0.12685592472553253,0.0,0.0,-0.139180988073349,1.0626163482666016,-0.5689442753791809,0.7936521768569945,0.14853382110595703,-0.16155579686164856,0.1691193729639053,-0.059482790529727936,-0.6277146339416504,0.3579776585102081,1.0265436172485352,-0.20591825246810916,-0.2209932804107666,-0.025191443040966988,-0.03946342323866712,0.1712104843571714,0.29780266806680744,-0.03734230037892921,-0.16713542198998851,0.29846609360171067
0.05641152709722519,-0.004322802647948265,1.0505831241607666,0.9837622070900072,-0.011538079014383484,0.17789821049605975,0.02076100518653251,-0.7868146063326215,0.16798321456345433,-0.03497933720092028,1.1962999105453491,0.459428608417511,-0.25408199429512024,-0.7361791234996775,-0.12411877820747086,-0.11713035409593825,1.1607226133346555,0.3707914650440216,0.22733420133590695,-0.11408094316720963,0.0,0.0,-0.2843818068504333,0.9580969214439392,-0.5861314535140991,0.9731775522232056,0.0869852527976036,-0.12252877652645112,0.08999872952699661,-0.1903444677591324,-0.5606853365898132,0.3619658052921295,1.1297931671142578,-0.07153433561325073,-0.22129058837890625,-0.06830467283725739,-0.07668534773044215,0.17188265793174756,0.43006968746492524,-0.07366531452819008,-0.13916828882733207,0.42276862476716753
0.03473373502492905,-0.0028239961247891188,1.0778400897979736,0.9737594988045782,-0.004626907320395056,0.22530728788728527,0.0317436015817543,-1.135118060069379,0.24495052275583284,0.02788397418791666,1.7056384086608887,0.29131278395652765,-0.18256516754627228,-1.0440620016464257,-0.19307653295051264,-0.1832661144280115,1.7315489053726196,0.1503557413816452,0.12744231522083282,-0.11020030826330184,0.0,0.0,-0.4129544198513031,0.8860825896263121,-0.6179212331771851,1.0808393955230713,0.08206623047590254,-0.0797940194606781,0.010058321058750153,-0.30678093433380127,-0.5260942578315735,0.3660982251167297,1.1813576221466064,0.02281360886991024,-0.20141878724098203,-0.0943303406238556,-0.08486518236197829,0.14927728315350786,0.5672977358857275,-0.09658372822261006,-0.09704216616030784,0.5732585321290983
0.014708627015352247,-0.0017767818644642828,1.0886539220809937,0.9607667596510484,0.002537341285158862,0.2740676979058268,0.042516966183252486,-1.502190110055585,0.3223184813604365,0.07884781728095946,2.120412588119507,0.09164341539144517,-0.07719942182302475,-1.3631552607131008,-0.3089012242963076,-0.266931475841635,2.2212159633636475,-0.08244361728429793,-0.014454088173806667,-0.10885024070739746,0.0,0.0,-0.5128231644630432,0.863496959209442,-0.6688106060028076,1.1087660789489746,0.09527829289436339,-0.06197379529476166,-0.03182033449411392,-0.4080626964569092,-0.5105187892913817,0.3637411892414093,1.1959931850433347,0.06952401995658875,-0.17734363675117493,-0.10940279066562653,-0.06727820655815149,0.1267555584668469,0.686584454312915,-0.08258906994364018,-0.06453904942414201,0.7130823724273838
-0.0033945534378290176,-0.0012684810208156705,1.0914416313171387,0.9469138302269432,0.0069035788131235854,0.31880349454268614,0.040876283978395225,-1.859093703277483,0.3705508574886687,0.09468270873990703,2.4610891342163086,-0.11170953512191772,-0.03568561002612113,-1.6878793211047025,-0.3022591058896875,-0.21139347238080597,2.62067985534668,-0.24323835968971247,-0.022570228204131126,-0.09833133965730669,0.0,0.0,-0.5818289518356323,0.8753231763839722,-0.7144426107406616,1.0903010368347168,0.1250281184911728,-0.05481093004345894,-0.03159709647297859,-0.5035794377326965,-0.5077642202377319,0.39501428604125977,1.1895084381103516,0.08230626583099365,-0.13026751577854156,-0.10972969979047777,-0.05389385890544415,0.11380035461657718,0.7933388566918443,-0.07509823719472995,-0.07845832860701073,0.8347817381908273
-0.01607605442404747,-0.0008343379013240337,1.0866682529449463,0.9356358282022217,0.006272955541139933,0.3516710549555533,0.029558689408868515,-2.1751591140944426,0.3697506352271456,0.07739528954635144,2.678865909576416,-0.2229897379875183,-0.07339651882648467,-1.9478265099716943,-0.20726680275992515,-0.16336251585092887,2.831461906433105,-0.31175258755683893,0.0011879875091835856,-0.08313718438148497,0.0,0.0,-0.6209108829498291,0.8984740972518922,-0.7198104858398438,1.061211347579956,0.1816747486591339,-0.040261417627334595,-0.028190216049551964,-0.5574991703033447,-0.5112647414207457,0.4137530028820038,1.1545406579971311,0.05083554983139038,-0.05253042280673981,-0.050962869077920914,-0.04751239551957888,0.11044720420100905,0.8631963673934172,-0.07431670706668592,-0.09379399726041211,0.898794484346946
-0.020558787509799004,-0.0004320037551224232,1.079967737197876,0.9350574760316359,0.002102154241277456,0.35442165265267545,0.006956263065674505,-2.347351339865556,0.3102957243797271,0.029722267723687912,2.6998605728149414,-0.2132449299097061,-0.1632133275270462,-2.0998237911618394,-0.10897452753139536,-0.1609475815482092,2.747343063354492,-0.26361191272735596,0.0975463092327118,-0.06084645912051201,0.0,0.0,-0.6329727172851562,0.9120219945907592,-0.7635350227355957,1.0560810565948486,0.16533777117729187,-0.02763601765036583,-0.04914511740207672,-0.5690202116966248,-0.5216178297996521,0.4503625631332397,1.135658860206604,0.02606760524213314,-0.02279660664498806,-0.001348015503026545,-0.030324654981467296,0.11399787269325232,0.8682282216513064,-0.06471134517625321,-0.09265043077542756,0.8713701666657458
-0.025329364463686943,0.00021919049322605133,1.073338270187378,0.9296750572433268,0.005479931521512131,0.368299652592403,0.005442810896214697,-2.356883356276697,0.3002545800963756,0.11858824470121099,2.4727354049682617,-0.15675900876522064,-0.1782729923725128,-2.177127473311212,-0.0654393021719295,-0.10642152455496467,2.482413053512573,-0.19668023288249967,0.20625463128089905,-0.06473670899868011,0.0,0.0,-0.639612078666687,0.9377160668373109,-0.8029452562332153,1.047363519668579,0.14175234735012054,0.0009776961524039507,-0.07200382649898529,-0.592734694480896,-0.5472582578659058,0.5106911063194275,1.102343201637268,0.014670375734567642,-0.026223909109830856,0.02766817063093185,0.005326518187594779,0.10338597348717984,0.8066015554849834,-0.03580617264740721,-0.09151550463234269,0.7904626131248159
-0.024592727422714237,0.002066223416477442,1.0661845207214355,0.9208305620951032,0.011299092882008815,0.3894596621671655,0.016265852461439197,-2.2423603388411717,0.2837096126435241,0.20111567749964565,2.122707843780517,-0.04434644803404808,-0.16944994032382965,-2.1371504760325637,-0.0965987208270973,-0.07033091989572493,2.1564602851867676,-0.09649833291769028,0.23531645536422727,-0.07978176325559616,0.0,0.0,-0.6102914810180664,0.968974471092224,-0.8077898025512694,1.0340561866760252,0.12562295794487,0.027858365327119827,-0.09069930762052536,-0.6091816425323486,-0.5726264715194702,0.5709715485572815,1.0678842067718504,0.0062623368576169005,-0.03561079129576683,0.02907666750252247,0.04759015743143681,0.09871464546432249,0.7137527493185055,0.0018932671181980422,-0.08998347979962543,0.6959337664687713
-0.016727140173316,0.0031942310743033886,1.0494616031646729,0.9174705117889147,0.015454800817389987,0.3965776847693271,0.027113632594733365,-2.049094370383634,0.24354774712359428,0.21958627662272778,1.7442870140075684,0.13620854914188385,-0.1747561991214752,-2.0074454391433063,-0.16900028453370863,-0.1059969699268678,1.8271083831787107,0.05122088268399239,0.21476791799068448,-0.08922825753688812,0.0,0.0,-0.5377280712127686,0.9968219399452208,-0.7724630832672118,1.012086033821106,0.12755358219146729,0.046963904052972794,-0.09740510582923888,-0.5819677710533142,-0.5938717126846313,0.5934527516365051,1.0350799560546875,-0.006810324732214212,-0.03642721101641655,0.017102837562561035,0.07984668676684885,0.11427222330005726,0.6030605360610447,0.03956883494139987,-0.08073123163882481,0.5956909150143889
-0.0010308753699064255,0.002804675605148077,1.0190435647964475,0.9266162795067153,0.014472664782340093,0.3742643160814942,0.033151685255540346,-1.7768682215797722,0.20765924256065493,0.20309398462153816,1.3916211128234863,0.3150797188282013,-0.18655425310134888,-1.7718515717596253,-0.2016810027217908,-0.13366789301463988,1.5061845779418943,0.21535290777683255,0.218510702252388,-0.0856798067688942,0.0,0.0,-0.4273054003715515,1.0004223585128784,-0.6987279057502747,1.0030517578125,0.14190517365932465,0.047326065599918365,-0.0874287262558937,-0.49503821134567266,-0.5984340906143188,0.5905891060829163,1.0128958225250244,-0.0218870360404253,-0.04636997729539871,0.0008601602748967707,0.0951034406370013,0.13743524404958238,0.48371065312843536,0.06662458557118262,-0.08614596614597553,0.4840136518408391
0.0217212438583374,0.001684881281107664,0.9758174419403075,0.9454289258593517,0.008517724997903122,0.3239988625270313,0.03341154875911419,-1.450233979634576,0.19150440330038077,0.17117439985515714,1.094993233680725,0.4361608624458313,-0.19467926025390625,-1.4508746733883386,-0.20691816439469335,-0.16233978266409477,1.1936113834381104,0.3682070374488831,0.2251906245946884,-0.07472835481166838,0.0,0.0,-0.2998270392417908,0.9656031727790833,-0.5827189683914185,1.0204834938049316,0.14403468370437622,0.02777396887540817,-0.058531083166599274,-0.3687047064304352,-0.5816178321838379,0.567521333694458,1.007596969604492,-0.010449445806443691,-0.07679102569818495,-0.03476781025528908,0.09465538730815601,0.15768059233086418,0.365544474187177,0.0815535376325279,-0.10264116983488762,0.36609860695857865
0.04674088209867477,-0.0011134773958474395,0.9215982556343079,0.9659906248444267,0.0016587617021891756,0.25586093942871985,0.037343552280716744,-1.1081194196439221,0.18363232859081302,0.11337613844768346,0.8342002630233764,0.5236,-0.2006685435771942,-1.1192245548029935,-0.20256038703428647,-0.18507154135621112,0.9340534806251524,0.4827261567115784,0.2191190719604492,-0.06744997948408127,0.0,0.0,-0.17170628905296323,0.9098656177520753,-0.4493996798992157,1.0705294609069824,0.12797240912914276,0.008182178251445293,-0.02505360916256905,-0.23771208524703977,-0.5444061756134033,0.538063645362854,1.021519660949707,0.01771201752126217,-0.1143084317445755,-0.07097061723470688,0.08706204200792488,0.1810531681320243,0.25487838458632267,0.09207104351521814,-0.12361443681309356,0.25738819001390245
0.0684421956539154,-0.004131126217544079,0.8523969650268554,0.9793796902922863,-0.002175511512655189,0.19727483472621826,0.04351240026000769,-0.8394884003560611,0.16614770338895402,0.07057042051792806,0.6854736804962158,0.5236,-0.17252628505229947,-0.8875714796372807,-0.20633564124591497,-0.18259341629862047,0.8289249539375305,0.48877894878387446,0.17679156363010406,-0.0644071027636528,0.0,0.0,-0.07603399455547331,0.8686256408691406,-0.3270759582519531,1.1381582021713257,0.12132906913757324,-0.010064275003969668,-0.015423382632434368,-0.1332225799560547,-0.5014089345932007,0.5070755481719971,1.037064790725708,0.011799192987382412,-0.14864487946033475,-0.10473125427961348,0.0708048846870564,0.18455479088741703,0.15523326194266304,0.09300115026180746,-0.1451664740333154,0.1652088345664842
0.08186790347099304,-0.00705986563116312,0.7747794389724731,0.9880881624092206,-0.0024503541321171268,0.14815459095603603,0.04154511102460181,-0.6491462567489954,0.17581449864968346,0.08080211310148377,0.787313401699066,-0.04537711665034294,-0.18898554146289823,-0.6211864590574172,-0.21145037905424857,-0.20823024547396138,0.8349041342735289,-0.14552535116672516,0.2157928496599197,-0.04607237875461578,0.0,0.0,-0.018472444266080856,0.8538221716880798,-0.30654197931289673,1.2202271223068235,0.07772915810346603,-0.015141035430133343,-0.027542240917682648,-0.06704092770814896,-0.4815301299095154,0.5107556581497192,1.0728439092636108,0.03270702809095383,-0.1684111654758453,-0.1189315915107727,0.018937954474976267,0.1697286726092309,0.07679373782460007,0.026026191185175407,-0.15470763480126673,0.07813824998788957
0.076611191034317,-0.008069931529462337,0.7065778970718384,0.9875896557795398,0.0007491070164265033,0.15285597128512918,0.03607163259970203,-0.7475257700416742,0.19361763856900804,0.08400844015663117,1.0591661930084229,-0.4727041125297546,-0.18367061018943784,-0.7039958026741879,-0.2509386385027903,-0.257330123453424,1.0795869827270508,-0.5298545360565186,0.16642463207244873,-0.03792130947113037,0.0,0.0,-0.06357166171073914,0.8327592015266417,-0.33386680483818054,1.2994494438171387,0.06463433802127838,-0.001882337499409914,-0.0074487682431936255,-0.11423771828413008,-0.47461172938346863,0.5250328779220581,1.1287789344787595,0.026175968348979946,-0.16359513998031616,-0.13437268137931824,0.0002110619503372553,0.16242285429877665,0.04692483207530018,0.008246850834494945,-0.1321764662555373,0.0441823077114728
0.0654483288526535,-0.009793581441044807,0.6608341932296753,0.982051375922582,0.00650138207853574,0.18279758575547228,0.04602031857346717,-0.9141592261196689,0.1865506783882187,0.07200108986975123,1.2629377841949463,-0.6331027746200562,-0.17320258915424347,-0.9068271843938255,-0.31327755444096095,-0.26846221445808804,1.347891330718994,-0.6422891616821289,0.1837019771337509,-0.052821993827819824,0.0,0.0,-0.13763825595378876,0.7711589336395263,-0.36501181125640875,1.3549466133117676,0.1097721680998802,0.015710782259702682,0.013136550784111021,-0.20539194345474243,-0.4557426273822784,0.547396183013916,1.2103726863861084,-0.008376064710319042,-0.1508367210626602,-0.15396642684936523,-0.009864773515687379,0.1592418192094894,0.04009579209077383,0.011521618521293669,-0.11713026808491986,0.04548571266720637
0.05896662920713425,-0.01354692317545414,0.6353641152381897,0.9781900955453742,0.009827374632318085,0.19897152723065523,0.05880383521734551,-1.0269012680867042,0.17681332772432512,0.04145396262512108,1.398292899131775,-0.6851797103881836,-0.1753821223974228,-1.011629165718578,-0.34932923865576804,-0.2859094658050907,1.479112148284912,-0.7022019028663635,0.20958945155143735,-0.0630020722746849,0.0,0.0,-0.2162414044141769,0.6752938032150269,-0.4162518084049225,1.363826036453247,0.13826730847358704,0.024475665763020515,0.010949005372822285,-0.2762995660305023,-0.4125740826129913,0.5573386549949646,1.2936457395553589,-0.04050857946276665,-0.1168208196759224,-0.15364974737167358,-0.015115748299819395,0.16198119815858097,0.04461516911482877,0.016060762403931075,-0.10654721649927969,0.04637122637983901
0.05578138679265976,-0.016593802720308304,0.6231970191001892,0.976151093746339,0.012211997149282056,0.20680738773210638,0.06488924165741398,-1.0725971077888383,0.16658396305244128,0.02431254962382312,1.445380449295044,-0.718934953212738,-0.179688960313797,-1.0294871650916542,-0.3617230805968461,-0.31109821876232113,1.4942169189453125,-0.7754618525505067,0.21451872587203977,-0.06115451827645302,0.0,0.0,-0.27095511555671686,0.5784866809844971,-0.4790107309818268,1.3072214126586914,0.17613960802555084,0.011469477787613869,0.018837450072169304,-0.33428648114204407,-0.3717663586139679,0.5669713020324707,1.315744400024414,-0.0844937190413475,-0.09097746759653091,-0.14810869097709656,-0.01802196746678461,0.16375532778161,0.04440365199696771,0.014807545809630639,-0.09923510159992013,0.03728282773100158
0.05497259274125099,-0.01814483106136322,0.6255602240562439,0.975275052724492,0.012903424602353821,0.2112146415405614,0.06372164754353803,-1.0780286244059594,0.16379865928278803,0.02878974092143327,1.4288517236709595,-0.7154381275177002,-0.17715294659137723,-1.0212571478813817,-0.3541193458784637,-0.31729331409681905,1.4584217071533203,-0.7951257824897766,0.2032598853111267,-0.05320957675576209,0.0,0.0,-0.29821813106536865,0.5029160976409912,-0.5415758490562439,1.2190985679626465,0.19260795414447784,-0.01986463740468025,0.04425950348377228,-0.3782125115394592,-0.34668204188346863,0.5755380392074585,1.2603735923767088,-0.1132443994283676,-0.09803718328475952,-0.16969546675682068,-0.016833440069528423,0.16185747115041313,0.04365277956025643,0.012706376516835179,-0.09899384304830942,0.03233100113066087
0.055503375828266144,-0.01880836859345436,0.6400634050369263,0.9757217070387397,0.011365409749654314,0.20958260851814295,0.06255484059096451,-1.0428524242778876,0.16450164156435076,0.04538475880795345,1.3567558526992796,-0.6742382645606995,-0.16998028755187988,-0.9870061637172436,-0.3343005879590901,-0.3143062526680125,1.392977237701416,-0.7582302689552307,0.19203455746173856,-0.04812036454677582,0.0,0.0,-0.3185163140296936,0.44858932495117193,-0.5993644595146179,1.1488826274871826,0.1975204199552536,-0.04459482803940773,0.06435666233301163,-0.4033984541893005,-0.33242267370224,0.588779091835022,1.1626886129379272,-0.12117958813905716,-0.1258782595396042,-0.2068588882684708,-0.014464067481378733,0.1574756143136362,0.042267228966254226,0.010265766929871852,-0.10272424394323795,0.033598635949828995
0.057644881308078766,-0.01854538917541504,0.6632236838340759,0.9774340836330716,0.009174632303096248,0.20191092966971597,0.06140370309999015,-0.9695612076114586,0.1653623409465672,0.06659776575801474,1.2392104864120483,-0.6123951673507689,-0.1607559472322464,-0.9119258407590776,-0.30732655455588387,-0.317738176095085,1.2841280698776243,-0.6983904838562012,0.18272581696510315,-0.044346604496240616,0.0,0.0,-0.33522501587867737,0.41010731458663935,-0.6523632407188416,1.1132344007492063,0.1954956650733948,-0.06315719336271286,0.07951508462429047,-0.4124126434326172,-0.3253408968448639,0.6147368550300598,1.0693186521530151,-0.1189161017537117,-0.15115641057491302,-0.2330685406923294,-0.011838368454132801,0.15368465922162022,0.04097466757099221,0.00582772479876468,-0.10621507167980357,0.03559672215314326
0.06064257770776749,-0.018083253875374797,0.6909053325653076,0.9798991015043204,0.00847746062067862,0.19049874634509997,0.05861835184817073,-0.8707623046286743,0.1623043086540843,0.08786422639905428,1.0918171405792236,-0.5331207513809204,-0.15075756609439847,-0.813263133295348,-0.28101637847181116,-0.3232999510070854,1.1410229206085205,-0.6221154928207396,0.17754678428173065,-0.03847072646021842,0.0,0.0,-0.349240243434906,0.38322666287422175,-0.6957954168319702,1.1064143180847168,0.18833142518997192,-0.0728863552212715,0.08884444832801817,-0.4192611575126648,-0.32274267077445984,0.6499107480049133,1.0165824890136719,-0.12189190834760665,-0.159989595413208,-0.2331629693508148,-0.009486869805913567,0.15180584813176226,0.04122197928166201,0.0017541683734008746,-0.11056634917445185,0.03731834314298038
0.06399065256118774,-0.016330957412719727,0.7190218567848206,0.9828934339619408,0.009376609169602765,0.17600233484616026,0.05343926275394005,-0.7564605821125848,0.15583698349236896,0.10891577814907405,0.928091526031494,-0.4398464560508728,-0.14172545075416565,-0.7017393813634837,-0.2574822216840511,-0.32521877722264325,0.9784393906593322,-0.5305314660072327,0.1758284717798233,-0.02839137986302376,0.0,0.0,-0.35818326473236084,0.36444786190986633,-0.7286098599433899,1.1169426441192627,0.18010719120502472,-0.07584775239229202,0.0941830649971962,-0.424620658159256,-0.3234120309352875,0.689648449420929,1.0097060203552246,-0.1269271820783615,-0.1546819806098938,-0.2146487981081009,-0.006634251036267433,0.1527453854152437,0.04279229165233642,-0.0015602859189499086,-0.11587812887387029,0.03896201583308588
0.06840521842241287,-0.014536116272211075,0.7449299097061157,0.985930796839796,0.01091152398769958,0.15984145811587955,0.047666662925994085,-0.6370208967519452,0.14565184988778124,0.13605895263129864,0.7612795829772949,-0.3362087607383728,-0.1287931203842163,-0.5848612548119422,-0.23802545713142953,-0.3234218071331172,0.808396279811859,-0.42670294642448425,0.17652373015880585,-0.01702957972884178,0.0,0.0,-0.36182767152786255,0.3562582731246948,-0.7558307647705078,1.126720905303955,0.18056868016719815,-0.07675660401582717,0.09702392667531969,-0.4302675724029541,-0.32498547434806824,0.7289740443229675,1.0320624113082884,-0.12695296108722687,-0.14784014225006104,-0.18202652037143707,-0.0020778409841045726,0.15146291379652832,0.045557232536458575,-0.003248007074607518,-0.12366192010261465,0.04115006240987694
0.07189241796731949,-0.013044405728578568,0.7659273147583008,0.9888270928460787,0.012541442297323267,0.1424044053063109,0.04224544979085354,-0.5232481991407696,0.13712201807035185,0.16291390727583885,0.6083390712738037,-0.2300434857606888,-0.12149159610271452,-0.47532777189426517,-0.2248285179557301,-0.3222576641479494,0.6503868699073792,-0.3260402977466583,0.17837660014629364,-0.009152201935648918,0.0,0.0,-0.3572426438331604,0.35858091711997986,-0.7713739871978759,1.1217374801635742,0.16967542469501495,-0.07612760365009309,0.09782461076974867,-0.4285525977611542,-0.32684728503227234,0.7594225406646729,1.065284252166748,-0.12740857899188995,-0.13331738114356995,-0.1470782607793808,0.0023076830248313094,0.1511325664068722,0.04910424539403466,-0.0021759170614460434,-0.132380015930339,0.043745582764145724
0.07448037713766098,-0.011835122480988503,0.7799915671348571,0.9912083782684218,0.013617761984938742,0.12664898322289728,0.035784667912572656,-0.4243347090389893,0.1303607154890647,0.1883632066108286,0.47971859574317927,-0.14816994965076447,-0.1231103166937828,-0.3858395863577422,-0.21534580976704643,-0.31891875026372885,0.5208714008331299,-0.24035531282424927,0.17995260655879974,-0.0031505993101745844,0.0,0.0,-0.3469401001930237,0.3741039633750916,-0.7760736346244813,1.0950725078582764,0.16577495634555817,-0.08201756328344345,0.10547101497650146,-0.4257841408252716,-0.33153101801872253,0.774657964706421,1.0846668481826782,-0.1171972081065178,-0.12562547624111176,-0.11753224581480026,0.005856501714114917,0.15083529751813948,0.05123781896601089,0.0002881216316470876,-0.1408501308277932,0.04564978726106288
0.07531680166721344,-0.010387199930846693,0.787870705127716,0.9930351729648289,0.014187524133547048,0.11363781711753788,0.027682231384652433,-0.3392949354780638,0.1262037495639452,0.21416149481194632,0.37376058101654047,-0.09632615745067596,-0.12876823544502258,-0.32309348489643014,-0.2075154970390114,-0.30912351844182845,0.42541089653968805,-0.1785292625427246,0.1841334253549576,0.0018877920228987928,0.0,0.0,-0.32833024859428406,0.3987561762332916,-0.762273073196411,1.047800064086914,0.1569632589817047,-0.09079416841268541,0.11912281811237337,-0.4242233335971832,-0.3419509828090668,0.7805964946746825,1.0853904485702515,-0.10033264011144638,-0.12240820378065108,-0.1021282523870468,0.006397425208581213,0.1512327531671919,0.05128517183611073,0.0038260011831073274,-0.1476759641103722,0.04621477280656593
0.07576984167098999,-0.008870145305991171,0.7900356650352478,0.9943138339639643,0.014372897023411487,0.10386946003321908,0.018562184446990107,-0.26783445807041234,0.1231958918909708,0.24685990451233125,0.289836049079895,-0.08104286342859267,-0.13682883977890015,-0.28139032025101685,-0.19992992128424225,-0.3014143607768722,0.35620447993278503,-0.1429770141839981,0.18246860802173612,0.005145126022398472,0.0,0.0,-0.3120124936103821,0.4280222356319427,-0.733361780643463,0.9949881434440612,0.1545700877904892,-0.1037379652261734,0.1420595943927765,-0.42731761932373047,-0.3589981198310852,0.786196529865265,1.0690670013427734,-0.08062127232551575,-0.12673017382621765,-0.10242011398077012,0.004947730528888791,0.1502046042016425,0.04848458007951788,0.008415130791166285,-0.1510360257050767,0.043870349405667836
0.07435592263936995,-0.0070513770915567875,0.7862676382064819,0.9950980395737227,0.014402607934512299,0.09734509511280987,0.00981778889041417,-0.20680409024172539,0.11815132183066512,0.28016754111038267,0.21762317419052124,-0.10220373421907424,-0.1440813839435577,-0.24775757003989085,-0.18981359770749906,-0.3015658583528663,0.29619172215461725,-0.14658097922801971,0.1775716245174408,0.004241052083671093,0.0,0.0,-0.2940756678581238,0.45708101987838745,-0.7028616070747375,0.9459981918334962,0.14055591821670532,-0.11426251381635665,0.16673369705677032,-0.4309805333614349,-0.37918862700462336,0.7900726795196533,1.0497083663940427,-0.08224397152662277,-0.12837707996368408,-0.11183248460292816,0.00026327144612966384,0.1487945259535115,0.04153031960189689,0.010150228080280614,-0.14995137757192534,0.036739819093157836
0.07122617959976196,-0.005297479685395956,0.7794070839881898,0.9953461478158845,0.014216879001442556,0.09522224054225242,0.004080598687849886,-0.16939025430024496,0.11082290467267542,0.3019958199416589,0.1692426949739456,-0.13372911512851715,-0.15157784521579742,-0.22615138710375665,-0.18121942643194444,-0.2987845044794552,0.25528815388679504,-0.17829363048076627,0.17178320884704587,0.00158144801389426,0.0,0.0,-0.2892144024372101,0.48655247688293457,-0.6831850409507751,0.903809905052185,0.12393485754728316,-0.1201426163315773,0.1910325586795807,-0.43143257498741144,-0.4050120711326599,0.7813207507133485,1.0257961750030515,-0.0997094511985779,-0.12534886598587036,-0.13396042585372925,-0.006129053844101966,0.1467833059981889,0.03313591616591456,0.006946249450437235,-0.14863199225341325,0.028204103709821925
0.0661996528506279,-0.003419002052396536,0.7766443490982055,0.9950074541748399,0.013166634665140557,0.09869962176942068,0.00672239024989556,-0.17552647514261188,0.09965872360091144,0.3040138833992995,0.14178341627120972,-0.12548065185546875,-0.1427129358053207,-0.2502044174571002,-0.19022989178389849,-0.29560669052845245,0.289814829826355,-0.20416617393493647,0.17333275079727173,-0.00607238570228219,0.0,0.0,-0.3022526204586029,0.5042855739593506,-0.6692926287651062,0.9005376696586608,0.11296360939741135,-0.12852530181407928,0.2248148322105408,-0.43182304501533514,-0.4190760850906372,0.7410178184509277,1.017341136932373,-0.1061163544654846,-0.13577787578105927,-0.16581043601036072,-0.004949660452413568,0.14280355943684872,0.028784481282156472,0.003068103010617957,-0.15069101139504787,0.027338807631006518
0.06187925115227699,-0.001375872641801834,0.7770989537239074,0.9947895332813618,0.012496316332151052,0.1003552429860592,0.0129016183940747,-0.18334918353472263,0.09327170036086274,0.29536724389683405,0.1294013112783432,-0.11281320452690125,-0.13962119817733765,-0.24957314105921702,-0.19125001706382783,-0.30687395687625507,0.28540000319480896,-0.19909410178661344,0.1715278923511505,-0.015921989455819126,0.0,0.0,-0.3133818805217743,0.498529314994812,-0.6603182554244995,0.9389564394950866,0.10689365118741988,-0.1153479665517807,0.23604834079742432,-0.4108118116855621,-0.41238632798194885,0.6667407155036926,1.0392863750457764,-0.08236782252788542,-0.13870033621788025,-0.19438366591930387,-0.005274230492774599,0.1427532799831672,0.02855936430681751,-0.0002390090718656453,-0.14824656204764386,0.027600825065188028
0.0575881153345108,0.00021486845798790452,0.778271973133087,0.9948753631178938,0.012263603806171613,0.09845519618094144,0.019472807391249937,-0.18423329656632342,0.09112850545295803,0.2833892096824218,0.12214993685483932,-0.10205035656690596,-0.14041785895824432,-0.23046866771799623,-0.18943992420624212,-0.32178884276164865,0.2560175359249115,-0.18322692811489105,0.17181597650051117,-0.02462906017899513,0.0,0.0,-0.31760868430137634,0.47776928544044495,-0.6563342213630676,0.9889607429504393,0.1058351844549179,-0.08704109489917755,0.22318744659423828,-0.3793172836303711,-0.38952964544296254,0.580001711845398,1.079668641090393,-0.03222548961639404,-0.12986023724079132,-0.2072221487760544,-0.006526287941448757,0.14551340215164804,0.029410709013767095,-0.0026095887374871763,-0.14601838363823713,0.02728064195753035
0.053663693368434906,0.001071759033948183,0.77878338098526,0.9950760820934723,0.01218120168628879,0.09557160431525184,0.023265373833065713,-0.1844928478672882,0.0910485410785189,0.2741010899455774,0.11962735652923584,-0.09713667631149295,-0.14135855436325073,-0.2175380803313186,-0.1890049363566244,-0.32979592161039617,0.23398764431476596,-0.17073385417461395,0.17479337751865387,-0.027462443336844444,0.0,0.0,-0.3091129660606384,0.45965611934661865,-0.65268874168396,1.0138486623764038,0.10133105516433716,-0.07648121565580368,0.20365227758884427,-0.34858694672584534,-0.3646676540374756,0.5175507664680481,1.1155669689178467,0.009440194815397263,-0.12342260777950285,-0.20233100652694705,-0.006794927903232685,0.1481038513848318,0.02967843323362884,-0.002571640170194924,-0.14579423231013702,0.026629860762976222
0.05015510693192481,0.0017593000084161758,0.77895188331604,0.9952781392729073,0.01227952431913724,0.09331564029427351,0.023724039378341784,-0.18524106390245493,0.09160785509159952,0.271724384943987,0.11920241266489028,-0.09473645687103271,-0.14059430360794067,-0.215428927703049,-0.191544228873177,-0.32936752543642744,0.22456035017967224,-0.16367377340793607,0.17798076570034027,-0.026938758790493008,0.0,0.0,-0.2902444899082184,0.44981989264488226,-0.6541759967803955,1.0122408866882324,0.0877966657280922,-0.0830555409193039,0.18646796047687528,-0.3208882510662079,-0.3454396724700928,0.48112219572067266,1.1426050662994385,0.027601998299360275,-0.1195710152387619,-0.191132977604866,-0.006594931234302275,0.14980208886576105,0.02964566189559214,-0.0012124249249599798,-0.14744313956637228,0.02622626482285864
0.04710261896252632,0.0020157522521913047,0.7790823578834533,0.9954681593357386,0.012102830144893151,0.09168626323028047,0.022142592126221158,-0.1856319425791254,0.09332110106410463,0.27404724841192574,0.11904778331518172,-0.09217596054077148,-0.13803644478321075,-0.21658047619105694,-0.19338727618714913,-0.324391017733548,0.21899424493312836,-0.1575356125831604,0.17994877696037292,-0.025207674130797383,0.0,0.0,-0.26778852939605713,0.44530218839645386,-0.6599019765853882,1.005319595336914,0.07205390930175781,-0.09309652447700499,0.1727940738201141,-0.29824379086494446,-0.33234331011772156,0.46199029684066767,1.1640563011169431,0.0335024818778038,-0.1154165342450142,-0.18117643892765045,-0.00641253166763547,0.15048225495953169,0.029519399647575214,-0.0002673360208695488,-0.14999860908587417,0.02614542179553142
0.04428863525390625,0.002190889324992895,0.7791408896446227,0.9956486926324299,0.011510785445338905,0.09036984095988772,0.019608021895366114,-0.18563153979942054,0.09636745039751271,0.27800610437524964,0.11925044655799864,-0.09104805439710616,-0.13595518469810483,-0.2161430764460565,-0.19230743876319112,-0.31951746586717356,0.21042388677597043,-0.1509917974472046,0.18034863471984863,-0.023575050756335255,0.0,0.0,-0.24432073533535004,0.4397902488708496,-0.6684871912002563,1.0086359977722168,0.05827098712325096,-0.09842191636562349,0.15974830090999603,-0.27766698598861694,-0.3218042850494385,0.4546892940998077,1.1844267845153809,0.03482358157634735,-0.1105503961443901,-0.17280668020248413,-0.0064757661780568574,0.15091070800122675,0.02925494225636313,-1.0285395567802025e-05,-0.15190013545048134,0.02603444857520433
0.04189928621053696,0.0021412526257336135,0.7792597413063049,0.9958117231388747,0.010727496375811277,0.0892217082147058,0.01683507243650328,-0.18540245995741111,0.09996869002844133,0.2825851673946403,0.120577834546566,-0.09057673811912537,-0.134735107421875,-0.21531963979115998,-0.19021555650919675,-0.3151164030556044,0.20208135247230527,-0.1444505751132965,0.18062295019626615,-0.02261791191995144,0.0,0.0,-0.22172121703624725,0.4305192828178406,-0.6825954914093018,1.0288010835647583,0.04893648251891136,-0.09647160023450851,0.14438064396381378,-0.26002663373947144,-0.31220537424087524,0.46056851744651794,1.2079274654388428,0.03259493410587311,-0.10349845141172408,-0.16386829316616058,-0.00674633186410795,0.15091899175360982,0.02905410480381706,5.2326957402918636e-05,-0.15362555066662534,0.026068558373697714
0.04012315720319748,0.001974887680262327,0.7793781161308287,0.9960066586379929,0.009801437194491728,0.0876227518881986,0.014032858911937323,-0.18305045981857454,0.10394794961519249,0.28636499258730674,0.121608167886734,-0.0906473472714424,-0.13494558632373807,-0.2138382380623312,-0.1874402553372485,-0.3103295837661581,0.19650970399379727,-0.13938575983047485,0.181195005774498,-0.02185508608818054,0.0,0.0,-0.20200425386428836,0.415546715259552,-0.7014191150665283,1.068078637123108,0.046788696199655526,-0.08676586300134659,0.12452781200408936,-0.24416629970073697,-0.301895409822464,0.4811716675758362,1.2337176799774168,0.025278478860855103,-0.0944048762321472,-0.1509021371603012,-0.007040465803868537,0.15094536105920447,0.028839357704528237,0.00015302009430471635,-0.15507335613492804,0.026225822002731075
0.03915834054350853,0.00161766167730093,0.7794396877288817,0.9962553138137125,0.008938250353347244,0.08520042260756154,0.011676701848352535,-0.17763325546250666,0.10792946283429705,0.2902014133473646,0.12206987291574478,-0.09042549878358841,-0.13585589826107025,-0.2111380741850404,-0.18582151017991544,-0.3056812709908644,0.19561302661895752,-0.13692153990268707,0.18160705268383023,-0.022082185372710228,0.0,0.0,-0.18392951786518097,0.3961805999279022,-0.7201647758483887,1.1184666156768799,0.05296536162495613,-0.06948336958885193,0.10157589614391326,-0.2289777994155884,-0.29141631722450256,0.5101105570793152,1.2542700767517088,0.013368105515837668,-0.08316081762313841,-0.13265877962112427,-0.007226252862321312,0.15090995322979167,0.028590788832088522,0.0003180353519638749,-0.15680178494705646,0.026472974068662954
0.039294663816690445,0.0009959887247532606,0.7796447277069091,0.9965944408973587,0.007845147941375096,0.08151737466165096,0.009638031673072275,-0.16927517812172194,0.1128296058632332,0.29241436897025,0.12194615602493286,-0.08977243304252625,-0.13661278784275055,-0.20475873336498807,-0.18386900051658994,-0.30099508046082823,0.1958220899105072,-0.13556405901908875,0.18160453438758847,-0.023818228393793103,0.0,0.0,-0.16530050337314603,0.37343195080757136,-0.7335844039916992,1.169458031654358,0.06493896245956421,-0.047842372208833694,0.0745313987135887,-0.21118003129959104,-0.27976241707801813,0.5412359237670897,1.263229727745056,-0.0032142961863428354,-0.07361163198947905,-0.11062083393335342,-0.006338382269765822,0.15114530628518769,0.02842930252834039,0.0008955422392332913,-0.1588482768583517,0.0269442799572765
0.040094900876283646,0.0005170009098947048,0.7798333764076234,0.9969988560947797,0.006442837720869639,0.07672004755632929,0.008112033700507844,-0.15885621775036232,0.11913488882346335,0.29380959029136755,0.1217021644115448,-0.0903940573334694,-0.1374131441116333,-0.19383222195577543,-0.181525707171865,-0.29610666973222305,0.1941087394952774,-0.13490591943264008,0.18074241280555725,-0.025989389047026638,0.0,0.0,-0.1433962881565094,0.3520098328590393,-0.7375171184539795,1.2072852849960327,0.07346437126398087,-0.03146382421255112,0.04881802201271057,-0.18967850506305692,-0.2681942880153656,0.5669748783111572,1.2555139064788818,-0.024809481576085087,-0.06883293390274048,-0.08993054926395416,-0.004592863659084149,0.15208505769645367,0.02819351851354798,0.001620041647729505,-0.16121470859791664,0.027436100812958577
0.04101546853780746,-8.367002010345459e-05,0.7799382209777832,0.9974191062635003,0.004644909141718559,0.07132970868427499,0.006754549474381566,-0.14764730393624365,0.12718827151358436,0.29533702198469075,0.12212029844522476,-0.0917852371931076,-0.13802027702331543,-0.17967651735902815,-0.17819718928194805,-0.29075743909444146,0.18920080363750455,-0.1335592418909073,0.18023023009300232,-0.02746053412556648,0.0,0.0,-0.11933381110429764,0.33650603890419006,-0.7347002625465393,1.2237168550491333,0.07182139158248901,-0.026038192212581635,0.030125157907605168,-0.1646614670753479,-0.2584205269813537,0.5847600102424622,1.233919620513916,-0.04859012737870216,-0.07401283085346222,-0.07541780173778534,-0.0025898992173260353,0.15330001531885157,0.027823195788775415,0.0022516959004008955,-0.16409746716406223,0.02787228579638577
0.042153656482696526,-0.0007700244896113873,0.7800163626670836,0.997781465795252,0.002773271869533505,0.066273834526753,0.005677529016809557,-0.13706801407350158,0.1360812942667069,0.29747659949610594,0.12298017740249632,-0.09360095113515852,-0.13915826380252838,-0.16506570706949525,-0.17470709512452176,-0.2875509116616789,0.18292661011219025,-0.13222187757492063,0.17977234721183777,-0.028495192527771,0.0,0.0,-0.09659279137849808,0.3277438879013061,-0.7281575798988342,1.2233774662017822,0.058159321546554565,-0.03191470354795456,0.02250055968761444,-0.13962556421756744,-0.25008302927017206,0.5963173508644104,1.2085945606231687,-0.06857504695653915,-0.08551103621721268,-0.06727026402950287,-0.0006403613362624568,0.15470410822094313,0.02747983530433256,0.0029225514582296684,-0.16679444856326597,0.02826419478890706
0.042417481541633606,-0.0016627771547064183,0.7800021171569824,0.9980544094072789,0.0010675233666914417,0.06216247530550465,0.004699246795160124,-0.12801730293566954,0.14385112893916463,0.30025008616417354,0.12380441278219224,-0.0956905037164688,-0.14017049968242645,-0.1524160409706044,-0.17104981352615356,-0.2847044398127932,0.17779706418514252,-0.13137196004390717,0.1791362315416336,-0.028608713299036023,0.0,0.0,-0.07958003133535385,0.32382380962371826,-0.7231200933456419,1.2169880867004395,0.04110722616314888,-0.040256217122077935,0.02400644868612289,-0.11897648870944975,-0.24270610511302948,0.6044217944145203,1.1918476819992063,-0.08248647302389146,-0.09512200206518173,-0.06496301293373108,5.079068401620657e-05,0.15538694355848864,0.027104405235988373,0.002277686235616016,-0.16913552640558857,0.02856811290350655
0.04291202127933502,-0.002663614228367805,0.779987096786499,0.99824134219631,-0.0004414695231032971,0.0591485487391936,0.003934083987048383,-0.12087667207115975,0.15062688501499166,0.30291282706432354,0.12516511976718903,-0.0978856012225151,-0.14148168265819547,-0.14168017382514855,-0.1674685083537053,-0.28371730454288824,0.17268110811710355,-0.13060566782951355,0.17865987122058868,-0.02815106324851513,0.0,0.0,-0.07014600932598114,0.3235948979854584,-0.7214039564132689,1.2125678062438965,0.028994586318731308,-0.04577406868338585,0.028553284704685208,-0.10581595450639723,-0.23669214546680448,0.6113944053649902,1.1862404346466064,-0.09128113836050032,-0.09990134090185165,-0.06523372232913971,0.00035354739449664245,0.1556295009743262,0.026822093990410367,0.0016125453655948438,-0.17097623785085442,0.028816879495267952
0.043467335402965546,-0.0035392313729971647,0.7800136804580688,0.9983567401429517,-0.00160590373412538,0.057169408897449155,0.003591541542563091,-0.11568821374330522,0.15526816090602336,0.30386305956190784,0.12679417431354523,-0.09943998605012892,-0.14258065819740295,-0.13282011857712547,-0.1638691719066978,-0.28430130047322855,0.16839005053043363,-0.13014577329158783,0.17847050726413727,-0.02854030206799507,0.0,0.0,-0.0677243173122406,0.32537007331848145,-0.7230937480926514,1.2115553617477417,0.023997826501727104,-0.04713585227727889,0.03313243389129639,-0.09899818897247313,-0.23107829689979556,0.6166715621948241,1.190059185028076,-0.09272117912769315,-0.1007636860013008,-0.06571292877197266,0.0001456882126909788,0.15547566559968798,0.026682207447179425,0.0006383236505527298,-0.17179019730991535,0.02901916822106648
0.044032089412212365,-0.003991702571511269,0.7799555659294128,0.9984257797424338,-0.0025062529834596918,0.05592791887071137,0.0034276715839036903,-0.11201925150094016,0.1586691362518715,0.3040089509004661,0.12778803706169128,-0.10024213790893555,-0.14346057176589963,-0.12583028117456707,-0.1606989450069165,-0.28567053451287683,0.16441509127616882,-0.12944041192531583,0.17919762432575223,-0.029119681566953656,0.0,0.0,-0.07154139876365662,0.3285055160522461,-0.7289915084838867,1.2147154808044431,0.025253107771277428,-0.045190218836069114,0.03723524883389473,-0.09813547134399414,-0.22703854739665985,0.6204079389572144,1.2001361846923828,-0.09088465571403503,-0.0980619266629219,-0.06455935537815094,-8.030224495872028e-05,0.15558876874199548,0.026510742449948648,-0.00023249381121613532,-0.17186413885280175,0.02907444334633209
0.04476157948374748,-0.004127745516598225,0.7800188064575195,0.9984392494965635,-0.0029646612462058846,0.05565085446488048,0.003641187411148732,-0.11065586708890764,0.1602672971897181,0.303638843626118,0.12851358950138092,-0.09989549219608307,-0.14422807097434995,-0.12188341997337729,-0.15862325427099,-0.28737427190261844,0.1612205058336258,-0.12807756662368774,0.17989911139011383,-0.029685555025935173,0.0,0.0,-0.08089598268270493,0.3312681317329407,-0.7357050180435181,1.219743251800537,0.03134240582585335,-0.041651204228401184,0.039584286510944366,-0.1034182757139206,-0.22466711699962613,0.6233536005020142,1.2144440412521362,-0.08349093794822691,-0.09270149469375609,-0.06182532757520676,-0.00015697742511437132,0.15570282726289847,0.02654550562851201,-0.0005346343980991942,-0.17147107071775985,0.02915909255702703
0.0450546070933342,-0.003800064790993929,0.7801556587219238,0.9984229807261109,-0.0031594210817205166,0.05592409781183692,0.0037503200328115717,-0.11088189781525809,0.16071884369274647,0.3032840310506211,0.12888707220554352,-0.09886658936738969,-0.14430125057697296,-0.11992240226139829,-0.15711445623658538,-0.28841796133110975,0.1581062078475952,-0.12599429488182068,0.1803492903709412,-0.029428958892822266,0.0,0.0,-0.09334770590066908,0.3344736099243164,-0.7411134839057921,1.2219903469085691,0.03675038740038872,-0.03919205069541931,0.04131065309047698,-0.11273998767137527,-0.22475051879882807,0.6266718506813049,1.2269489765167236,-0.0759427472949028,-0.08698464184999467,-0.05830198153853416,-0.00032033606591691885,0.15602037514104708,0.02667462711465692,-0.0009267082810692181,-0.17065548437585698,0.02925856613443412
0.04463008418679237,-0.0036178897134959698,0.7803449034690858,0.9983845006983598,-0.003083733232732583,0.0566014498587521,0.0038929716828237496,-0.11250687935596297,0.160125774534021,0.3025099106752504,0.1291910409927368,-0.0973348468542099,-0.1440717875957489,-0.11993766672474598,-0.15640502172749104,-0.28926065244061216,0.15559853613376615,-0.12342721968889236,0.18065683543682096,-0.029035529121756557,0.0,0.0,-0.1075848713517189,0.33825868368148804,-0.7459051012992858,1.2193539142608643,0.03867274522781372,-0.0387968085706234,0.04383090883493424,-0.124833807349205,-0.22769916057586667,0.6307435631752014,1.2335811853408811,-0.068567655980587,-0.08399807661771774,-0.05592353641986847,-0.0009050722016765275,0.1560454766146398,0.026893176134628844,-0.0015602319266001556,-0.1700258014820704,0.029351061354719394
0.04400965571403504,-0.0033954966347664595,0.7804939150810242,0.9983356580515769,-0.0027541954469146065,0.0574836943429895,0.003735392194542244,-0.11443984972028194,0.15880407244908556,0.30278323828408954,0.129897341132164,-0.09621891379356384,-0.14371483027935028,-0.12171485264214475,-0.1565673315855074,-0.2897201387544369,0.15384714305400848,-0.12101741880178452,0.1809924840927124,-0.027920126914978027,0.0,0.0,-0.12283126264810562,0.34217706322669983,-0.7481701970100403,1.212186336517334,0.04033401235938072,-0.04099756851792336,0.047579489648342126,-0.1398227959871292,-0.23368537425994876,0.6374797224998474,1.2343950271606443,-0.06492662429809569,-0.08270738273859024,-0.05481595173478127,-0.0017406534453318872,0.15584500361649983,0.0271179214576798,-0.0019049660246477646,-0.1694818179751833,0.029355487472661073
0.04329487308859825,-0.0031182097736746073,0.7806583642959594,0.9982761556673007,-0.002225297009845517,0.05853908752247471,0.0035972644285916988,-0.11652247813885598,0.15700993881890457,0.30263446996806276,0.13037902116775513,-0.09500115364789961,-0.14342010021209717,-0.12425617906352746,-0.15715811482496322,-0.29026487657377664,0.1526614725589752,-0.1189974620938301,0.18123909831047055,-0.027301231399178505,0.0,0.0,-0.13880454003810883,0.3473811447620392,-0.7504321932792662,1.200290322303772,0.04252983629703522,-0.04460924863815308,0.05271435901522637,-0.15799476206302643,-0.24195629358291623,0.6461800932884216,1.2305725812911987,-0.0609210729598999,-0.08245842903852463,-0.05552501231431961,-0.0027902620191744094,0.15580565332682125,0.0274139446536054,-0.0022672525791180747,-0.1687712429075433,0.029336668211599075
0.042594917118549354,-0.0028642534743994474,0.7807723879814149,0.9982229828262441,-0.0016881858154034286,0.0594740719127288,0.0032956571800208606,-0.11811451295308406,0.1554234083973156,0.3033288952168676,0.1309572458267212,-0.0940399020910263,-0.1432199329137802,-0.12638167921875246,-0.1578399484186106,-0.2913819590498501,0.15131032466888428,-0.11710352450609209,0.18149900436401367,-0.026645125821232796,0.0,0.0,-0.1539061814546585,0.35195425152778625,-0.752389907836914,1.1857737302780151,0.04446142166852951,-0.04811060056090354,0.05949873849749565,-0.17707514762878415,-0.2519126534461975,0.6548824310302734,1.2219746112823486,-0.05827567726373672,-0.08314891904592514,-0.057654157280921936,-0.0038920921479224605,0.15573373350265898,0.027663115768684462,-0.002676576183874511,-0.1680486662211291,0.029261706732361947
0.042045444250106805,-0.0026460341177880764,0.7808296680450438,0.9981804398106293,-0.0011861573076591442,0.060203275738488576,0.003157245738895179,-0.11989400219192158,0.15392762593807996,0.3036315305718129,0.13191869854927063,-0.09321784228086472,-0.1426678895950317,-0.1279471546298955,-0.15809275454835348,-0.2921936820806206,0.14983561635017395,-0.11569045484066008,0.18158769607543945,-0.02604108117520809,0.0,0.0,-0.1680905669927597,0.35691890120506287,-0.7539002299308778,1.168808102607727,0.04613922536373138,-0.051455318927764886,0.06768443435430527,-0.19636428356170652,-0.26153066754341125,0.6638498306274414,1.2095178365707395,-0.05847961083054543,-0.08493338525295258,-0.0611334890127182,-0.004598621607752248,0.15565282633900585,0.027844070336092302,-0.002904461961568098,-0.1672255900568328,0.02912190411921496
0.04154667630791664,-0.002476888243108988,0.7809138298034669,0.9981578040095108,-0.0007334574832958088,0.060588685997928285,0.0030775743818213224,-0.1215652315161069,0.15322189307196088,0.30413248769270773,0.13324624300003052,-0.09303030371665953,-0.14202900230884552,-0.12849496034663138,-0.15856781058983538,-0.2930810916835906,0.1480254828929901,-0.11468281596899033,0.18119120597839355,-0.02531100623309612,0.0,0.0,-0.1807734966278076,0.3612096011638641,-0.7538885474205017,1.1502608060836792,0.04869065806269646,-0.055083028972148895,0.07601474225521086,-0.21439261734485623,-0.27089032530784607,0.6711399555206299,1.1946990489959717,-0.05978802591562271,-0.08686597645282745,-0.06405311822891235,-0.004922726102127576,0.1558596245288696,0.028050021264279176,-0.0030947481868507827,-0.1666862584031193,0.02902726611240643
0.041469186544418335,-0.002572289202362299,0.7809453010559082,0.9981716903118243,-0.00033306459439333966,0.060363530402107096,0.003067560171492179,-0.12189926671971128,0.15294441129637715,0.30456961475721295,0.1343962401151657,-0.09304557740688325,-0.14192187786102295,-0.12764347129308268,-0.1588047635254184,-0.29380642818265207,0.14596250653266907,-0.11371534317731856,0.1805024892091751,-0.02486615628004074,0.0,0.0,-0.19072833657264707,0.3643684685230255,-0.754273235797882,1.1332155466079712,0.05213213339447975,-0.05803189426660538,0.08270047605037689,-0.22966699302196503,-0.2785577476024628,0.6763123869895935,1.1790906190872192,-0.06208723783493041,-0.0891287922859192,-0.06666390597820282,-0.004749607528209521,0.15600938023609462,0.028190320852979744,-0.002760455172214758,-0.16640289003901595,0.028872360011185937
0.041618142277002335,-0.0028766877949237823,0.7809789180755614,0.9982108724695747,-2.33837004994063e-05,0.05971655217022316,0.002997821481373072,-0.12110517225361278,0.1530077738841853,0.3055694972375198,0.13510480523109436,-0.09316176921129225,-0.14197584986686707,-0.12621349487858663,-0.15928035688169517,-0.2936210644358246,0.14399924874305725,-0.11279071122407912,0.18018700182437897,-0.023927755653858185,0.0,0.0,-0.19848084449768064,0.36660802364349365,-0.7548343539237976,1.1171687841415403,0.05707235261797905,-0.06077802926301956,0.08759497106075287,-0.2419297397136688,-0.28448399901390076,0.6812425255775452,1.1627678871154783,-0.06379035115242004,-0.09170558303594589,-0.06771248579025269,-0.004270071022766875,0.1559719299511175,0.028294366666160264,-0.0020351952300818265,-0.1667530098843811,0.02876276777237589
0.04171274229884148,-0.0033639681059867144,0.7809932231903075,0.9982721876524444,0.00017305390270944091,0.05868665169218619,0.002913129779050732,-0.11901534828549593,0.15327250112799606,0.3066749508442382,0.13507235050201416,-0.09362836182117462,-0.14198772609233856,-0.12416079489663871,-0.1594691689458756,-0.29356841404734274,0.1428479552268982,-0.11227008700370789,0.1801801174879074,-0.0229184664785862,0.0,0.0,-0.2038138806819916,0.36750593781471247,-0.756374716758728,1.102407932281494,0.0624937079846859,-0.06405548006296158,0.09138754010200499,-0.2512762248516083,-0.28880444169044495,0.6873239874839783,1.1470118761062622,-0.06483317166566849,-0.09451492130756378,-0.06958247721195221,-0.0038773110046059597,0.1557627935971594,0.028336644907893314,-0.0014225688721368093,-0.16718289593811592,0.028666462103697554
0.0412900447845459,-0.003692232072353363,0.7809635996818542,0.9983422528321475,0.0003423608255735812,0.05748999541923178,0.00274397991874733,-0.11641401657058435,0.1532226618490491,0.3076805270601666,0.1352485418319702,-0.0952298417687416,-0.1413396447896957,-0.12240512223621051,-0.1596641354315007,-0.2933241376341448,0.1430654525756836,-0.11216912418603896,0.1803705394268036,-0.02215343341231346,0.0,0.0,-0.20654261112213132,0.36725375056266785,-0.7586492896080017,1.0890623331069946,0.06735549867153168,-0.06729946285486221,0.09435018151998521,-0.2578034698963165,-0.29013174772262573,0.6943946480751038,1.132365345954895,-0.06732887029647827,-0.09728331118822096,-0.07138849794864655,-0.0041021580366755106,0.15548156749612982,0.028321322563182295,-0.0013232070303138563,-0.16739382044796816,0.02855632040309774
0.04058371111750603,-0.00404835119843483,0.7810560464859008,0.9984178960729047,0.0005563904318990708,0.056188897241022835,0.0020501360637093695,-0.11327460663087045,0.1533374267541745,0.30826377287378415,0.13544362783432007,-0.09840179979801178,-0.13970613479614255,-0.12081885529612128,-0.1596929260773925,-0.2912181198390089,0.14547032117843628,-0.11331776529550552,0.17995429039001465,-0.022069936618208885,0.0,0.0,-0.2074737697839737,0.36538618803024286,-0.7593731284141539,1.0783941745758057,0.0689702108502388,-0.07012015581130981,0.09887029975652695,-0.2624346315860748,-0.2897968292236328,0.7019507884979248,1.120288610458374,-0.07034429162740707,-0.09780561923980714,-0.07464156299829483,-0.004640665073746164,0.15541793117171232,0.028456504476974103,-0.0021436224748027245,-0.16756310543686587,0.028637596196491737
