root_translateX,root_translateY,root_translateZ,root_quaternionW,root_quaternionX,root_quaternionY,root_quaternionZ,left_hip_pitch_joint,left_hip_roll_joint,left_hip_yaw_joint,left_knee_joint,left_ankle_pitch_joint,left_ankle_roll_joint,right_hip_pitch_joint,right_hip_roll_joint,right_hip_yaw_joint,right_knee_joint,right_ankle_pitch_joint,right_ankle_roll_joint,waist_yaw_joint,waist_roll_joint,waist_pitch_joint,left_shoulder_pitch_joint,left_shoulder_roll_joint,left_shoulder_yaw_joint,left_elbow_joint,left_wrist_roll_joint,left_wrist_pitch_joint,left_wrist_yaw_joint,right_shoulder_pitch_joint,right_shoulder_roll_joint,right_shoulder_yaw_joint,right_elbow_joint,right_wrist_roll_joint,right_wrist_pitch_joint,right_wrist_yaw_joint,left_foot_height,right_foot_height
0.020732348784804344,-0.009403018280863762,0.7804089188575744,0.9998779296875,0.011666768230497835,-0.004690743051469326,0.0011822236701846123,0.028282729908823967,0.16463972628116608,0.20129193365573883,0.14761938154697418,-0.1173529028892517,-0.17410767078399658,0.03969505429267883,-0.22204388678073883,-0.27327439188957214,0.13647820055484772,-0.14068523049354553,0.1949976831674576,-0.019595861434936523,-0.018691118806600567,0.13975811004638672,-0.16826400160789487,0.33500927686691284,-0.8470240831375122,1.1233848333358765,0.058681655675172806,-0.026929795742034912,0.03635941445827484,-0.22753404080867767,-0.26221898198127747,0.7923017144203186,1.1594455242156982,-0.10013617575168608,-0.02636178955435753,0.004161544609814881,0.03538416748605697,0.029048050770808395
0.02149740234017372,-0.00949128158390522,0.7805330753326416,0.9998779296875,0.01218563038855791,-0.0044465726241469375,0.0015489561483263967,0.029978621751070023,0.16341078281402588,0.20246064662933347,0.14563879370689392,-0.11889513581991196,-0.17455443739891052,0.04126411303877831,-0.22328510880470276,-0.27449336647987366,0.1372721642255783,-0.1431991159915924,0.19818635284900665,-0.020362498238682743,-0.017619265243411064,0.1396794468164444,-0.16934363543987274,0.33491525053977966,-0.8503233194351196,1.1194821596145628,0.05864519625902176,-0.02473568357527256,0.03294460475444794,-0.22683233022689817,-0.2634744942188263,0.7891234755516051,1.1578681468963623,-0.09701360762119293,-0.024252634495496746,0.008456702344119549,0.03562784385779104,0.029180503752206956
0.02207127958536148,-0.009412009268999101,0.7805286049842833,0.9998779296875,0.01276935078203678,-0.003532840870320797,0.0024436118546873327,0.02965387515723705,0.16189533472061157,0.2016468048095703,0.1431356370449066,-0.11802803725004196,-0.17463664710521698,0.04042182490229607,-0.2249465435743332,-0.27510628104209894,0.13908420503139496,-0.146683007478714,0.20040304958820343,-0.02255238406360149,-0.016482094302773476,0.1389136165380478,-0.171144500374794,0.33629453182220453,-0.8538221716880798,1.1151537895202637,0.05792952328920364,-0.0248247142881155,0.03176705911755562,-0.22539681196212769,-0.26453933119773865,0.785856544971466,1.1556713581085205,-0.08971799165010451,-0.022749371826648712,0.012978535145521164,0.035741730874094046,0.02918345806392815
0.022832307964563366,-0.009140528738498688,0.7807492613792419,0.9998779296875,0.013570534996688364,-0.001747821574099362,0.003493735566735268,0.026677701622247692,0.15987415611743927,0.20059870183467865,0.1417524367570877,-0.1163688078522682,-0.17455805838108063,0.037127040326595306,-0.22665192186832428,-0.2737778127193451,0.14144471287727356,-0.15050414204597473,0.2016768902540207,-0.025152958929538727,-0.016754578799009323,0.1378980129957199,-0.1725378930568695,0.3378681242465973,-0.855639636516571,1.1126430034637451,0.055514108389616006,-0.02379785291850567,0.032750803977251046,-0.2238514870405197,-0.26391372084617615,0.7832005620002745,1.1530687808990479,-0.08307795226573944,-0.02141526341438293,0.017721595242619514,0.03612863435554413,0.029363210832780578
0.02259908802807331,-0.00899367593228817,0.7809520363807678,0.9998779296875,0.014276339672505856,0.0015332186594605444,0.0043740845285356045,0.016933083534240723,0.15831346809864044,0.19935287535190585,0.14585478603839874,-0.11765648424625395,-0.1745430678129196,0.02710583619773388,-0.22845593094825745,-0.270950049161911,0.1473880112171173,-0.15506616234779355,0.20186613500118253,-0.028257625177502632,-0.01829095371067524,0.13713115453720093,-0.17581437528133392,0.34041649103164673,-0.852182149887085,1.1122230291366575,0.04988691210746765,-0.0215667262673378,0.03467376157641411,-0.222448855638504,-0.26262953877449036,0.7805041074752807,1.1488866806030271,-0.07823960483074188,-0.02043970860540867,0.022899284958839417,0.036510637432313316,0.029522438082834022
0.021542103961110115,-0.008544542826712132,0.7808727025985717,0.9998779296875,0.014623519964516161,0.00699510145932436,0.004847164731472731,-0.005980236921459436,0.1589279472827911,0.1977875381708145,0.16495417058467865,-0.12686815857887268,-0.17490392923355103,0.0029310607351362705,-0.23164723813533783,-0.26501932740211487,0.16898149251937866,-0.16550740599632263,0.20107917487621307,-0.031100597232580185,-0.020155275240540504,0.13935978710651395,-0.18316081166267395,0.34469023346900934,-0.8440279364585875,1.1096776723861694,0.044347479939460754,-0.018985142931342125,0.03642382472753525,-0.2239406853914261,-0.26221364736557007,0.7785933017730714,1.141254186630249,-0.07522547990083694,-0.02067323960363865,0.02817804552614689,0.036796566591038984,0.02978665691418649
0.01928393542766571,-0.008068328723311424,0.7798157930374146,0.9997557997703552,0.014602412469685076,0.014590965583920479,0.004094169940799475,-0.04856416210532189,0.16339577734470367,0.1961466372013092,0.2117832899093628,-0.15091867744922635,-0.17527076601982117,-0.04319406300783157,-0.23775538802146912,-0.25447556376457214,0.2204938977956772,-0.18861740827560425,0.1996442675590515,-0.03280027210712433,-0.021368680521845818,0.147480770945549,-0.1936223953962326,0.3516097366809845,-0.8307498097419738,1.1026980876922607,0.04246051609516144,-0.017586348578333855,0.038520291447639465,-0.2312773764133453,-0.2643892168998718,0.7771184444427489,1.1303914785385132,-0.0745646059513092,-0.023586217314004895,0.032096609473228455,0.03682106388801653,0.03006480537267313
0.014852367341518402,-0.007373339496552944,0.7767797708511353,0.9996337294578552,0.014409574680030344,0.023812431842088696,0.001738231279887259,-0.1133611351251602,0.17263095080852509,0.19487978518009183,0.29389479756355286,-0.191059485077858,-0.17386870086193085,-0.11426936089992525,-0.24652259051799771,-0.23482505977153775,0.30682894587516785,-0.22598303854465485,0.19781835377216336,-0.033356454223394394,-0.021846020594239235,0.16578376293182373,-0.20780982077121732,0.36125853657722473,-0.8099137544631958,1.0880842208862305,0.044187646359205246,-0.01714498922228813,0.043853066861629486,-0.24797824025154117,-0.2688717544078827,0.7722625732421875,1.1183922290802,-0.0735870972275734,-0.0271284393966198,0.034135375171899796,0.03660432347127902,0.030350456588837733
0.008286403492093086,-0.006330406758934259,0.770663022994995,0.999267280101776,0.01435759663581848,0.03443380072712898,-0.001256194314919412,-0.2062035948038101,0.18651413917541504,0.1885385066270828,0.42276957631111145,-0.24432460963726044,-0.17012079060077667,-0.21704028546810153,-0.25826168060302734,-0.2026987075805664,0.439111202955246,-0.2758654057979584,0.19606411457061768,-0.034602515399456024,-0.02179832383990288,0.1972975581884384,-0.2244964838027954,0.37669220566749567,-0.7794654369354248,1.0643897056579588,0.04769280180335045,-0.018962031230330467,0.05518990382552146,-0.27330055832862854,-0.27841717004776,0.7610113620758056,1.1019117832183836,-0.06870593875646591,-0.03242988511919975,0.030497156083583832,0.037310638122787725,0.031783194625578604
-0.0004882435314357281,-0.004738070070743561,0.7599407434463502,0.9987785220146179,0.014280596747994421,0.04633650556206703,-0.004469608888030052,-0.3208672106266022,0.2043258249759674,0.18078489601612088,0.5872949957847595,-0.3092924654483795,-0.16749802231788635,-0.3357801735401153,-0.2650173008441925,-0.1610475182533264,0.5827935934066772,-0.3267372846603393,0.19125138223171237,-0.03239099308848381,-0.019837908446788788,0.2411908656358719,-0.25313910841941833,0.3967401683330536,-0.7404384613037108,1.0287113189697263,0.052426282316446304,-0.02327029779553413,0.06888788938522339,-0.3100528419017792,-0.2959723174571991,0.738528847694397,1.0829540491104124,-0.05423654988408089,-0.037456214427948,0.026079406961798668,0.039113822744614064,0.03261330940763055
-0.010080357082188128,-0.0031428446527570486,0.7428533434867859,0.9981061220169068,0.015432976186275482,0.05953046679496765,-0.005507409106940031,-0.4479465782642365,0.21662859618663788,0.1599673330783844,0.762832522392273,-0.3750553131103516,-0.16089189052581787,-0.4708058536052704,-0.27943480014801025,-0.12244800478219985,0.7539042830467224,-0.3902384340763092,0.18180303275585172,-0.03789904713630676,-0.01933981664478779,0.2897619307041168,-0.27971386909484863,0.42384719848632807,-0.6923050284385681,0.9836779236793518,0.05462834239006042,-0.026249328628182408,0.08361271023750305,-0.3452072739601135,-0.3206808567047119,0.701815128326416,1.0541892051696775,-0.03723181411623954,-0.04348238185048103,0.014237841591238976,0.040631122722165444,0.033739740440559475
-0.01902101002633572,-0.0014706141082569957,0.7202982306480408,0.997066020965576,0.015475856140255928,0.07550840824842453,-0.005589672829955816,-0.5803411006927489,0.230729416012764,0.13934198021888733,0.9328753352165222,-0.4420715868473053,-0.1609443724155426,-0.6072002053260803,-0.2906321585178375,-0.08665605634450912,0.9204068183898925,-0.4522231221199036,0.17776283621788025,-0.043247025460004807,-0.014983742497861384,0.3345845937728882,-0.3116872608661652,0.45586818456649775,-0.6496420502662659,0.9344569444656371,0.06584252417087555,-0.03336498513817787,0.09766742587089537,-0.3833250403404236,-0.35215044021606445,0.6634635925292969,1.0225764513015747,-0.015652047470211983,-0.0549590028822422,0.004064309876412152,0.04056589598141472,0.03388883170298598
-0.027488574385643005,-9.108101949095726e-06,0.6928226947784424,0.9954118132591248,0.015332954004406927,0.09430475533008575,-0.0048545412719249725,-0.7164537906646729,0.244106650352478,0.11994627118110655,1.0952773094177246,-0.5110194087028505,-0.16249226033687592,-0.7471010684967042,-0.30200186371803284,-0.05476059392094612,1.0837414264678955,-0.5156036019325256,0.1766013354063034,-0.04811334237456322,-0.009610168635845184,0.37533935904502874,-0.3465940058231354,0.4927420914173126,-0.6098531484603882,0.8817660808563232,0.08051143586635588,-0.04326457157731056,0.11050537973642348,-0.4207457900047302,-0.38947227597236633,0.6272963881492615,0.9926518201828003,0.0033645706716924906,-0.06745612621307373,-0.005116072483360767,0.03879300343926202,0.0330267358531528
-0.03460736945271492,0.0011609923094511032,0.6621599793434143,0.9932634234428404,0.014886047691106796,0.11463332176208496,-0.0031214228365570302,-0.8580158948898315,0.2549166679382324,0.09838055074214937,1.2568392753601074,-0.5736799836158752,-0.16279901564121246,-0.887991726398468,-0.31252664327621454,-0.026204073801636692,1.2442511320114136,-0.5761095285415649,0.17592932283878326,-0.05167168006300926,-0.004051710944622755,0.4137566685676575,-0.386039912700653,0.5327461361885071,-0.5733910202980042,0.8312299847602845,0.0966384783387184,-0.056766372174024575,0.12593305110931396,-0.4624157845973969,-0.4306599795818329,0.5930518507957457,0.9692955613136292,0.016899660229682922,-0.08054831624031066,-0.013790732249617577,0.03766565397942177,0.032375029852612744
-0.03999597579240799,0.0014588590711355207,0.6306083798408508,0.9909256100654602,0.014205135405063627,0.13322800397872925,-0.001599762006662786,-0.9935929179191587,0.2625739574432373,0.07308793067932129,1.410866618156433,-0.6247377991676331,-0.16379627585411072,-1.0202021598815916,-0.31965312361717224,0.0023358401376754045,1.3940958976745603,-0.6294155120849608,0.17803090810775757,-0.05345683917403221,0.00024488021153956646,0.45368155837059027,-0.42808273434638977,0.5751639604568481,-0.537307858467102,0.788335382938385,0.11055666208267212,-0.07284163683652876,0.14807678759098053,-0.5063172578811646,-0.47515717148780817,0.5621515512466431,0.9560893177986144,0.024987710639834404,-0.09410228580236435,-0.022932432591915127,0.0378623199412315,0.03220760260042027
-0.04356823116540909,0.0013331444934010504,0.600230872631073,0.9891377687454224,0.012884861789643764,0.1463652402162552,-0.00134040554985404,-1.1078848838806152,0.26915815472602844,0.04435509443283081,1.5500069856643677,-0.6690457463264465,-0.16632957756519315,-1.1322951316833496,-0.3205651044845581,0.029860239475965496,1.529120683670044,-0.6743758320808411,0.18393640220165247,-0.05095929279923439,0.002717973431572318,0.4926864802837372,-0.4727381467819214,0.6154950261116028,-0.5028908848762512,0.771270751953125,0.111421599984169,-0.09071028977632521,0.17786695063114166,-0.5490634441375732,-0.5178487896919249,0.536207377910614,0.9578890800476073,0.02960543148219585,-0.10953015834093092,-0.02973923273384571,0.03869120472251861,0.0326358221929894
-0.04490552842617034,0.0006629759445786476,0.5728338956832886,0.9877793192863464,0.01063951291143894,0.15546433627605438,-0.0026200525462627407,-1.2002607583999632,0.2756934762001037,0.013461442664265633,1.6689622402191162,-0.7108983993530273,-0.16939273476600647,-1.2221460342407227,-0.3152942657470703,0.0536416620016098,1.6462690830230713,-0.7125664949417113,0.19355812668800357,-0.0445563830435276,0.004788796417415142,0.514947235584259,-0.5212555527687073,0.6472585201263428,-0.47293102741241455,0.7954683303833008,0.0947921946644783,-0.10526058077812193,0.21772600710392,-0.5855069756507874,-0.5516906976699829,0.5183494091033936,0.9838650226593016,0.032518502324819565,-0.12215197086334229,-0.02858341857790947,0.039563912133489317,0.03378181480626949
-0.04468733817338944,-0.0004165414720773697,0.5506560802459717,0.9872230887413026,0.00858402717858553,0.15944691002368927,-0.004255305044353008,-1.2637646198272705,0.2808005213737488,-0.01337640918791294,1.76380717754364,-0.7483361363410949,-0.1703946888446808,-1.2834081649780271,-0.30911359190940857,0.07169310003519058,1.7390735149383545,-0.7449163794517517,0.20394043624401087,-0.03771897777915001,0.00535602169111371,0.5225876569747925,-0.5704284310340881,0.6719086170196533,-0.45583817362785334,0.8408128023147582,0.0707121193408966,-0.11365639418363573,0.2584788501262665,-0.6168314218521118,-0.5793635249137878,0.5069478154182434,1.0200512409210205,0.03106708824634552,-0.12983007729053497,-0.018562857061624527,0.04067342214197617,0.034983368199277526
-0.04285963997244834,-0.0013242014683783054,0.5363310575485228,0.9874703288078307,0.0069613074883818635,0.15742908418178558,-0.0048964801244437695,-1.2931056022644043,0.28269970417022705,-0.03210074082016945,1.827674865722656,-0.7759049534797667,-0.17036515474319458,-1.308502197265625,-0.30881041288375854,0.07872598618268967,1.8005640506744385,-0.7734636664390565,0.21093696355819705,-0.034837208688259125,0.005110980477184056,0.5239744782447815,-0.6181922554969788,0.7001352310180664,-0.46298235654830927,0.8702714443206787,0.05985336378216744,-0.11645402759313583,0.2881717085838318,-0.6417382955551147,-0.6072097420692444,0.49345123767852783,1.0415444374084473,0.0309116393327713,-0.1366013139486313,-0.006295873783528805,0.04200776887839239,0.0358983568379532
-0.03988633677363396,-0.002505870070308447,0.5312600135803223,0.9887057542800904,0.005393866449594498,0.1496392786502838,-0.003798470366746187,-1.2832022905349731,0.2830217480659485,-0.04077563434839249,1.8578659296035769,-0.794191837310791,-0.1708209067583084,-1.2930480241775513,-0.3144356906414032,0.07265375554561616,1.8274412155151367,-0.7980735898017883,0.21347439289093015,-0.03522983938455582,0.00536928279325366,0.5210261344909668,-0.6684053540229796,0.7451651692390442,-0.5072339177131653,0.8653479218482971,0.08152517676353455,-0.11349134892225264,0.30316540598869324,-0.6574872136116028,-0.6409436464309692,0.47460824251174927,1.0376007556915283,0.03379342332482337,-0.14560741186141968,0.007828790694475174,0.04342072613548113,0.03639691029904835
-0.0349205806851387,-0.0044799186289310455,0.5371735095977783,0.9906792044639587,0.003814969910308719,0.1365264356136322,7.412381819449365e-05,-1.2341933250427246,0.28069815039634705,-0.041836515069007874,1.8472750186920168,-0.7966609597206116,-0.1720205396413803,-1.2317532300949097,-0.324312299489975,0.05258879810571671,1.814392566680908,-0.81680428981781,0.21498867869377136,-0.03990448638796806,0.004668977577239274,0.512820839881897,-0.7204000949859619,0.8173568248748779,-0.5891856551170349,0.8192186951637267,0.14364375174045563,-0.1080280989408493,0.30128514766693115,-0.6580192446708679,-0.6795261502265929,0.4447128474712372,0.9997612237930298,0.028594329953193665,-0.15787632763385773,0.02202846296131611,0.045016524945015006,0.036700133261650086
-0.027598500251770016,-0.006578133441507816,0.5540398359298706,0.9926487803459167,0.0029408156406134367,0.12109896540641785,0.0064196442253887645,-1.1515350341796875,0.2762210965156555,-0.03389927372336388,1.792364239692688,-0.7812083363533021,-0.17153377830982208,-1.1320873498916624,-0.33796370029449463,0.02311285398900509,1.7588560581207275,-0.8226850628852845,0.21640115976333615,-0.04934745654463768,-0.0008630282245576381,0.49070569872856146,-0.7668527960777282,0.9164246320724488,-0.6878417134284973,0.7258657217025757,0.22769895195961,-0.1069374904036522,0.28080505132675165,-0.6280810832977295,-0.7216390371322631,0.4076371192932129,0.9238082170486449,0.015544853173196316,-0.1731991022825241,0.04059064388275146,0.04654838041426132,0.03721215117792469
-0.01640699803829193,-0.00811243336647749,0.582798182964325,0.9941233396530152,0.00336382701061666,0.10747362673282625,0.014170954935252666,-1.0420618057250977,0.2702181935310364,-0.013989729806780817,1.682048201560974,-0.7406691312789918,-0.1671227216720581,-1.0040605068206787,-0.3488930463790893,-0.012905139476060867,1.6519231796264648,-0.7976040244102478,0.21536569297313687,-0.06414307653903961,-0.013154439628124235,0.44487464427948,-0.7904837131500243,1.0314403772354124,-0.7666145563125609,0.6087289452552795,0.29929205775260925,-0.11527258157730103,0.2480870634317398,-0.5555222630500793,-0.7645091414451598,0.3734830319881439,0.8173460364341735,-0.0003059289883822202,-0.18651235103607175,0.07399698346853256,0.04757468763970758,0.03836057179488567
-0.0017976555973291395,-0.008575739338994026,0.6240112781524657,0.9953505396842957,0.0056663756258785725,0.09394264221191406,0.022366566583514214,-0.8953874707221984,0.260269433259964,0.0202049370855093,1.5013492107391355,-0.6623290777206421,-0.15751031041145325,-0.8488889932632446,-0.3498634994029999,-0.05219710245728493,1.483886957168579,-0.726909101009369,0.20396380126476288,-0.08676046878099442,-0.03376311436295509,0.3875347375869751,-0.7746265530586242,1.1556158065795898,-0.8130874037742615,0.49122491478919983,0.3387546241283417,-0.1254596710205078,0.22064653038978577,-0.44006234407424927,-0.8004900217056273,0.3540697991847992,0.6909000873565674,-0.023614445701241493,-0.1883297860622406,0.1166129782795906,0.04750467317842311,0.04061292579113298
0.017679434269666672,-0.00779161462560296,0.6798967719078064,0.9963924288749696,0.008606487885117529,0.07871413975954054,0.029104324057698246,-0.7062682509422302,0.24542225897312164,0.06257981806993484,1.2333780527114868,-0.5287923812866211,-0.15086378157138824,-0.6650567650794983,-0.3355519473552704,-0.09501473605632782,1.2386497259140015,-0.5815863609313965,0.1906361281871796,-0.11643911898136138,-0.05526291951537132,0.32966193556785583,-0.6713202595710753,1.2799363136291504,-0.8105257749557494,0.39908894896507263,0.3539420962333679,-0.14714932441711423,0.21600779891014096,-0.2948422431945801,-0.83076012134552,0.34710201621055603,0.5734749436378479,-0.0752476081252098,-0.19571931660175323,0.1706224828958511,0.050130646056767376,0.04702484895925023
0.041715539991855614,-0.00559677230194211,0.749292254447937,0.9971884489059448,0.013125128112733364,0.06613442301750183,0.031047374010086056,-0.46272996068000793,0.22125956416130063,0.121577151119709,0.8479058742523193,-0.29093396663665766,-0.1637478768825531,-0.45173221826553345,-0.3090808391571045,-0.1459307074546814,0.8810234665870665,-0.3220055401325226,0.18655116856098172,-0.14415402710437775,-0.07160449773073196,0.2529198229312897,-0.47223466634750366,1.3663997650146484,-0.7521765828132628,0.3506326675415039,0.34139901399612427,-0.1627660095691681,0.2272077649831772,-0.14540585875511167,-0.85348641872406,0.3646811842918396,0.519290030002594,-0.16174359619617462,-0.20316550135612488,0.18673419952392575,0.06050594300717427,0.05860311664239734
0.06700398772954941,-0.0044349306263029575,0.8245385289192199,0.9974332451820371,0.01522538997232914,0.0648331567645073,0.025800170376896855,-0.2304977774620056,0.19218015670776367,0.19536039233207703,0.38502883911132807,0.16616371273994443,-0.18626616895198825,-0.2586413621902466,-0.2702125906944275,-0.19392146170139313,0.45712482929229736,0.11678534746170044,0.20303353667259216,-0.15130050480365753,-0.06939789652824402,0.14803260564804077,-0.2425350099802017,1.365639090538025,-0.6832418441772461,0.35939863324165344,0.3130326569080353,-0.18739847838878632,0.23352003097534177,-0.005845460575073957,-0.8527558445930482,0.3837658166885376,0.5577882528305054,-0.2596133053302765,-0.2059491127729416,0.1527898460626602,0.0931951234413331,0.0901202945340135
0.08538605272769928,-0.0049975560978055,0.894945502281189,0.9968823194503784,0.01006020326167345,0.07705297321081161,0.016194287687540054,-0.1586008071899414,0.1928747594356537,0.23898476362228396,0.17377032339572906,0.5497427582740784,-0.2306939661502838,-0.15025606751441956,-0.24624183773994443,-0.3196232318878174,0.16709905862808228,0.49651381373405457,0.23162220418453217,-0.1402602195739746,-0.05374286323785782,0.047913625836372375,-0.07199519872665405,1.29657244682312,-0.6112686395645142,0.4403348565101624,0.2871509790420532,-0.2014915496110916,0.2196923643350601,0.07680735737085342,-0.8084089159965515,0.38636282086372375,0.6855191588401793,-0.31062099337577814,-0.20497889816761017,0.10516178607940672,0.1557701913333277,0.1482311817982395
0.08733183890581131,-0.0033860588446259494,0.9557380080223085,0.9967598915100097,0.017742423340678215,0.07739921659231187,0.010616368614137173,-0.17224889993667603,0.18754248321056363,0.2576967775821686,0.2629409432411194,0.6208512783050537,-0.21934762597084043,-0.16266021132469177,-0.28622594475746155,-0.3657850027084351,0.2786879241466522,0.5190377235412598,0.22734013199806213,-0.1316337287425995,-0.07276075333356857,0.0452052466571331,-0.04076031595468521,1.1831601858139038,-0.5708602666854857,0.588887631893158,0.23928871750831604,-0.18700820207595825,0.21679070591926572,0.0520198829472065,-0.7245819568634033,0.37675890326499933,0.8659130334854126,-0.28839197754859924,-0.20646671950817108,0.04481448978185654,0.22355313948441813,0.21320524913835323
0.0760599374771118,-0.004050105810165404,1.0061793327331543,0.9979838132858275,0.020274030044674877,0.05998116359114647,0.009942072443664074,-0.3087590336799621,0.12388350814580916,0.0344795361161232,0.6429858803749084,0.5652749538421631,-0.24530085921287537,-0.27955499291419983,-0.2397054731845856,-0.14598140120506287,0.6079360842704773,0.4975744187831879,0.2667516767978668,-0.12685592472553253,-0.08822591602802275,0.1375092715024948,-0.139180988073349,1.0626163482666016,-0.5689442753791809,0.7936521768569945,0.14853382110595703,-0.16155579686164856,0.1691193729639053,-0.059482790529727936,-0.6277146339416504,0.3579776585102081,1.0265436172485352,-0.20591825246810916,-0.2209932804107666,-0.025191443040966988,0.3051911176368202,0.2890402133113093
0.05641152709722519,-0.004322802647948265,1.0505831241607666,0.9992062449455261,0.014988398179411888,0.03460388258099556,0.012041112408041954,-0.4975894093513489,0.10359198600053789,-0.06262892484664917,1.1962999105453491,0.459428608417511,-0.25408199429512024,-0.4485812485218048,-0.19973148405551913,-0.0586235336959362,1.1607226133346555,0.3707914650440216,0.22733420133590695,-0.11408094316720963,-0.08304761350154877,0.28197672963142395,-0.2843818068504333,0.9580969214439392,-0.5861314535140991,0.9731775522232056,0.0869852527976036,-0.12252877652645112,0.08999872952699661,-0.1903444677591324,-0.5606853365898132,0.3619658052921295,1.1297931671142578,-0.07153433561325073,-0.22129058837890625,-0.06830467283725739,0.4303438722528426,0.41341939236661396
0.03473373502492905,-0.0028239961247891188,1.0778400897979736,0.999267280101776,0.022255992516875267,0.02666138112545013,0.01805674843490124,-0.7228474617004393,0.1943416893482208,-0.04482876881957054,1.7056384086608887,0.29131278395652765,-0.18256516754627228,-0.6384900808334352,-0.29068639874458313,-0.06635307520627975,1.7315489053726196,0.1503557413816452,0.12744231522083282,-0.11020030826330184,-0.09166565537452696,0.3954100012779236,-0.4129544198513031,0.8860825896263121,-0.6179212331771851,1.0808393955230713,0.08206623047590254,-0.0797940194606781,0.010058321058750153,-0.30678093433380127,-0.5260942578315735,0.3660982251167297,1.1813576221466064,0.02281360886991024,-0.20141878724098203,-0.0943303406238556,0.5679126120957265,0.5616394833216225
0.014708627015352247,-0.0017767818644642828,1.0886539220809937,0.9985951781272888,0.029972219839692116,0.03736022487282753,0.023844838142395016,-0.9953331947326659,0.2848663330078125,-0.05218106508255005,2.120412588119507,0.09164341539144517,-0.07719942182302475,-0.8591518402099609,-0.4320494532585144,-0.05713130161166191,2.2212159633636475,-0.08244361728429793,-0.014454088173806667,-0.10885024070739746,-0.09707332402467728,0.47555410861968994,-0.5128231644630432,0.863496959209442,-0.6688106060028076,1.1087660789489746,0.09527829289436339,-0.06197379529476166,-0.03182033449411392,-0.4080626964569092,-0.5105187892913817,0.3637411892414093,1.1959931850433347,0.06952401995658875,-0.17734363675117493,-0.10940279066562653,0.6839461359923704,0.6970204283779698
-0.0033945534378290176,-0.0012684810208156705,1.0914416313171387,0.9970048069953918,0.03151223063468933,0.06709549576044083,0.020768381655216217,-1.3072465658187866,0.33565497398376465,-0.07674898952245712,2.4610891342163086,-0.11170953512191772,-0.03568561002612113,-1.1445777416229248,-0.39689391851425165,0.0028455108404159546,2.62067985534668,-0.24323835968971247,-0.022570228204131126,-0.09833133965730669,-0.09111859649419785,0.51077800989151,-0.5818289518356323,0.8753231763839722,-0.7144426107406616,1.0903010368347168,0.1250281184911728,-0.05481093004345894,-0.03159709647297859,-0.5035794377326965,-0.5077642202377319,0.39501428604125977,1.1895084381103516,0.08230626583099365,-0.13026751577854156,-0.10972969979047777,0.7815034356155562,0.8121850462410287
-0.01607605442404747,-0.0008343379013240337,1.0866682529449463,0.995227873325348,0.022553306072950363,0.09407687932252885,0.013603277504444122,-1.6084629297256468,0.3357584774494171,-0.10377785563468932,2.678865909576416,-0.2229897379875183,-0.07339651882648467,-1.4043267965316772,-0.28090673685073847,-0.00941617041826248,2.831461906433105,-0.31175258755683893,0.0011879875091835856,-0.08313718438148497,-0.07172288000583649,0.5275830030441284,-0.6209108829498291,0.8984740972518922,-0.7198104858398438,1.061211347579956,0.1816747486591339,-0.040261417627334595,-0.028190216049551964,-0.5574991703033447,-0.5112647414207457,0.4137530028820038,1.1545406579971311,0.05083554983139038,-0.05253042280673981,-0.050962869077920914,0.8418570973842564,0.8723743795840607
-0.020558787509799004,-0.0004320037551224232,1.079967737197876,0.9955957531929016,-0.0016954707680270076,0.09333710372447968,0.004906328395009041,-1.7840791940689087,0.2911791503429413,-0.1347750425338745,2.6998605728149414,-0.2132449299097061,-0.1632133275270462,-1.5598191022872925,-0.1650746911764145,-0.07884105294942854,2.747343063354492,-0.26361191272735596,0.0975463092327118,-0.06084645912051201,-0.023627402260899544,0.5372099876403809,-0.6329727172851562,0.9120219945907592,-0.7635350227355957,1.0560810565948486,0.16533777117729187,-0.02763601765036583,-0.04914511740207672,-0.5690202116966248,-0.5216178297996521,0.4503625631332397,1.135658860206604,0.02606760524213314,-0.02279660664498806,-0.001348015503026545,0.8415432820616788,0.8470828283493147
-0.025329364463686943,0.00021919049322605133,1.073338270187378,0.9938777685165405,0.0009293230832554402,0.11096990853548049,0.0025639147497713566,-1.7974450588226318,0.32873964309692383,-0.05185604467988014,2.4727354049682617,-0.15675900876522064,-0.1782729923725128,-1.6442676782608032,-0.09913183748722076,-0.05473577603697777,2.482413053512573,-0.19668023288249967,0.20625463128089905,-0.06473670899868011,-0.02506530284881592,0.5315212607383728,-0.639612078666687,0.9377160668373109,-0.8029452562332153,1.047363519668579,0.14175234735012054,0.0009776961524039507,-0.07200382649898529,-0.592734694480896,-0.5472582578659058,0.5106911063194275,1.102343201637268,0.014670375734567642,-0.026223909109830856,0.02766817063093185,0.7743232130607144,0.7652886789940597
-0.024592727422714237,0.002066223416477442,1.0661845207214355,0.9904327392578125,0.01520205195993185,0.136806920170784,0.0059207892045378685,-1.692219853401184,0.3431811034679413,0.0404503121972084,2.122707843780517,-0.04434644803404808,-0.16944994032382965,-1.608538508415222,-0.12080708891153336,0.00139360420871526,2.1564602851867676,-0.09649833291769028,0.23531645536422727,-0.07978176325559616,-0.048530813306570046,0.5239277482032776,-0.6102914810180664,0.968974471092224,-0.8077898025512694,1.0340561866760252,0.12562295794487,0.027858365327119827,-0.09069930762052536,-0.6091816425323486,-0.5726264715194702,0.5709715485572815,1.0678842067718504,0.0062623368576169005,-0.03561079129576683,0.02907666750252247,0.678339043471337,0.6672758308310737
-0.016727140173316,0.0031942310743033886,1.0494616031646729,0.988644003868103,0.024949155747890472,0.14736439287662506,0.012374255806207657,-1.5115660429000854,0.3108852505683899,0.08524729311466217,1.7442870140075684,0.13620854914188385,-0.1747561991214752,-1.4785068035125732,-0.20801544189453125,0.011651880107820034,1.8271083831787107,0.05122088268399239,0.21476791799068448,-0.08922825753688812,-0.06126216053962708,0.517490565776825,-0.5377280712127686,0.9968219399452208,-0.7724630832672118,1.012086033821106,0.12755358219146729,0.046963904052972794,-0.09740510582923888,-0.5819677710533142,-0.5938717126846313,0.5934527516365051,1.0350799560546875,-0.006810324732214212,-0.03642721101641655,0.017102837562561035,0.5709627897764934,0.5639737621111687
-0.0010308753699064255,0.002804675605148077,1.0190435647964475,0.9914182424545288,0.02731109783053398,0.12648217380046844,0.017891885712742805,-1.2502055168151855,0.2679809629917145,0.09251669049263,1.3916211128234863,0.3150797188282013,-0.18655425310134888,-1.2455543279647827,-0.2532980740070343,0.00407152622938156,1.5061845779418943,0.21535290777683255,0.218510702252388,-0.0856798067688942,-0.062447622418403625,0.5114935636520386,-0.4273054003715515,1.0004223585128784,-0.6987279057502747,1.0030517578125,0.14190517365932465,0.047326065599918365,-0.0874287262558937,-0.49503821134567266,-0.5984340906143188,0.5905891060829163,1.0128958225250244,-0.0218870360404253,-0.04636997729539871,0.0008601602748967707,0.4591168022800298,0.45496505418399014
0.0217212438583374,0.001684881281107664,0.9758174419403075,0.996208608150482,0.0213363878428936,0.08151633292436598,0.021749943494796753,-0.9426711201667785,0.23861317336559293,0.07397341728210449,1.094993233680725,0.4361608624458313,-0.19467926025390625,-0.9422900676727296,-0.2699797749519348,-0.026229210197925568,1.1936113834381104,0.3682070374488831,0.2251906245946884,-0.07472835481166838,-0.05307646840810776,0.49520227313041687,-0.2998270392417908,0.9656031727790833,-0.5827189683914185,1.0204834938049316,0.14403468370437622,0.02777396887540817,-0.058531083166599274,-0.3687047064304352,-0.5816178321838379,0.567521333694458,1.007596969604492,-0.010449445806443691,-0.07679102569818495,-0.03476781025528908,0.34972450207623157,0.3455645489571644
0.04674088209867477,-0.0011134773958474395,0.9215982556343079,0.9985951781272888,0.020506102591753003,0.04023291170597077,0.026969650760293007,-0.6612216234207153,0.1919275671243668,0.0409989207983017,0.8342002630233764,0.543135404586792,-0.2006685435771942,-0.6743834018707275,-0.2838411331176758,-0.06374917924404144,0.9340534806251524,0.4827261567115784,0.2191190719604492,-0.06744997948408127,-0.056083202362060554,0.4356231987476349,-0.17170628905296323,0.9098656177520753,-0.4493996798992157,1.0705294609069824,0.12797240912914276,0.008182178251445293,-0.02505360916256905,-0.23771208524703977,-0.5444061756134033,0.538063645362854,1.021519660949707,0.01771201752126217,-0.1143084317445755,-0.07097061723470688,0.24874791228767248,0.2454649069747337
0.0684421956539154,-0.004131126217544079,0.8523969650268554,0.9990229606628418,0.03072307258844376,0.010305937379598616,0.030669614672660828,-0.4539472758769989,0.13075965642929077,0.02780752442777157,0.6854736804962158,0.5562096238136292,-0.17252628505229947,-0.5056473016738892,-0.30843544006347656,-0.0691533163189888,0.8289249539375305,0.48877894878387446,0.17679156363010406,-0.0644071027636528,-0.07886351644992828,0.3750483393669128,-0.07603399455547331,0.8686256408691406,-0.3270759582519531,1.1381582021713257,0.12132906913757324,-0.010064275003969668,-0.015423382632434368,-0.1332225799560547,-0.5014089345932007,0.5070755481719971,1.037064790725708,0.011799192987382412,-0.14864487946033475,-0.10473125427961348,0.15667549506986525,0.1568387925118016
0.08186790347099304,-0.00705986563116312,0.7747794389724731,0.9985951781272888,0.03945361822843552,-0.017297249287366867,0.028642838820815086,-0.3062444031238556,0.12307114154100418,0.04422125965356826,0.787313401699066,-0.04537711665034294,-0.18898554146289823,-0.28909584879875183,-0.3369089663028717,-0.10237688571214676,0.8349041342735289,-0.14552535116672516,0.2157928496599197,-0.04607237875461578,-0.08948149532079697,0.3316507637500763,-0.018472444266080856,0.8538221716880798,-0.30654197931289673,1.2202271223068235,0.07772915810346603,-0.015141035430133343,-0.027542240917682648,-0.06704092770814896,-0.4815301299095154,0.5107556581497192,1.0728439092636108,0.03270702809095383,-0.1684111654758453,-0.1189315915107727,0.0848387091657493,0.07259987712285049
0.076611191034317,-0.008069931529462337,0.7065778970718384,0.9992062449455261,0.025189366191625595,-0.012644314207136633,0.0282359141856432,-0.4062826037406921,0.173576682806015,0.02983260527253151,1.0591661930084229,-0.4727041125297546,-0.18367061018943784,-0.3695126473903656,-0.35717475414276123,-0.14746928215026855,1.0795869827270508,-0.5298545360565186,0.16642463207244873,-0.03792130947113037,-0.05200067535042762,0.3321481645107269,-0.06357166171073914,0.8327592015266417,-0.33386680483818054,1.2994494438171387,0.06463433802127838,-0.001882337499409914,-0.0074487682431936255,-0.11423771828413008,-0.47461172938346863,0.5250328779220581,1.1287789344787595,0.026175968348979946,-0.16359513998031616,-0.13437268137931824,0.051502768651272984,0.04190268852729182
0.0654483288526535,-0.009793581441044807,0.6608341932296753,0.9989007711410521,0.02659478597342968,0.003509564558044076,0.037730682641267776,-0.5450180768966675,0.17592699825763702,0.013014297932386398,1.2629377841949463,-0.6331027746200562,-0.17320258915424347,-0.5322632789611816,-0.4108878076076508,-0.12595985829830167,1.347891330718994,-0.6422891616821289,0.1837019771337509,-0.052821993827819824,-0.04550202935934066,0.3604445159435272,-0.13763825595378876,0.7711589336395263,-0.36501181125640875,1.3549466133117676,0.1097721680998802,0.015710782259702682,0.013136550784111021,-0.20539194345474243,-0.4557426273822784,0.547396183013916,1.2103726863861084,-0.008376064710319042,-0.1508367210626602,-0.15396642684936523,0.04096833163764014,0.04366107153575425
0.05896662920713425,-0.01354692317545414,0.6353641152381897,0.99835067987442,0.028198974207043648,0.003772281575948,0.05017736181616783,-0.6260414123535156,0.1648908108472824,-0.019341541454195976,1.398292899131775,-0.6851797103881836,-0.1753821223974228,-0.595223069190979,-0.44511228799819946,-0.11436637490987776,1.479112148284912,-0.7022019028663635,0.20958945155143735,-0.0630020722746849,-0.04148596152663231,0.39305314421653753,-0.2162414044141769,0.6752938032150269,-0.4162518084049225,1.363826036453247,0.13826730847358704,0.024475665763020515,0.010949005372822285,-0.2762995660305023,-0.4125740826129913,0.5573386549949646,1.2936457395553589,-0.04050857946276665,-0.1168208196759224,-0.15364974737167358,0.04272695552613262,0.04469080345887502
0.05578138679265976,-0.016593802720308304,0.6231970191001892,0.997922658920288,0.027423607185482975,0.005890685599297285,0.05735486373305321,-0.6609528660774231,0.15770985186100006,-0.03660274669528008,1.445380449295044,-0.718934953212738,-0.179688960313797,-0.5984147787094116,-0.4583701491355896,-0.1303083896636963,1.4942169189453125,-0.7754618525505067,0.21451872587203977,-0.06115451827645302,-0.031497500836849206,0.4051090776920319,-0.27095511555671686,0.5784866809844971,-0.4790107309818268,1.3072214126586914,0.17613960802555084,0.011469477787613869,0.018837450072169304,-0.33428648114204407,-0.3717663586139679,0.5669713020324707,1.315744400024414,-0.0844937190413475,-0.09097746759653091,-0.14810869097709656,0.04033823406554299,0.03546160663447634
0.05497259274125099,-0.01814483106136322,0.6255602240562439,0.9979838132858275,0.02590825408697128,0.01111172791570425,0.05729018896818161,-0.6681037545204163,0.16079699993133545,-0.03348604217171669,1.4288517236709595,-0.7154381275177002,-0.17715294659137723,-0.5934761762619019,-0.4498527050018311,-0.14265871047973633,1.4584217071533203,-0.7951257824897766,0.2032598853111267,-0.05320957675576209,-0.023842720314860344,0.4038090109825134,-0.29821813106536865,0.5029160976409912,-0.5415758490562439,1.2190985679626465,0.19260795414447784,-0.01986463740468025,0.04425950348377228,-0.3782125115394592,-0.34668204188346863,0.5755380392074585,1.2603735923767088,-0.1132443994283676,-0.09803718328475952,-0.16969546675682068,0.03876674915932124,0.02993608571110032
0.055503375828266144,-0.01880836859345436,0.6400634050369263,0.9979838132858275,0.02722316049039364,0.0113831190392375,0.055378988385200494,-0.6363455057144165,0.16169100999832153,-0.015769070014357567,1.3567558526992796,-0.6742382645606995,-0.16998028755187988,-0.5677644610404968,-0.43638902902603144,-0.14875341951847076,1.392977237701416,-0.7582302689552307,0.19203455746173856,-0.04812036454677582,-0.0283652488142252,0.4000978469848633,-0.3185163140296936,0.44858932495117193,-0.5993644595146179,1.1488826274871826,0.1975204199552536,-0.04459482803940773,0.06435666233301163,-0.4033984541893005,-0.33242267370224,0.588779091835022,1.1626886129379272,-0.12117958813905716,-0.1258782595396042,-0.2068588882684708,0.0384789153983912,0.030361247509422425
0.057644881308078766,-0.01854538917541504,0.6632236838340759,0.9981061220169068,0.02922252006828785,0.007225369103252886,0.05310961604118347,-0.5696378350257874,0.16162382066249847,0.00787082500755787,1.2392104864120483,-0.6123951673507689,-0.1607559472322464,-0.5069085955619812,-0.42089402675628657,-0.164299875497818,1.2841280698776243,-0.6983904838562012,0.18272581696510315,-0.044346604496240616,-0.03629353269934654,0.3929513096809387,-0.33522501587867737,0.41010731458663935,-0.6523632407188416,1.1132344007492063,0.1954956650733948,-0.06315719336271286,0.07951508462429047,-0.4124126434326172,-0.3253408968448639,0.6147368550300598,1.0693186521530151,-0.1189161017537117,-0.15115641057491302,-0.2330685406923294,0.03915239226223049,0.031718709611375934
0.06064257770776749,-0.018083253875374797,0.6909053325653076,0.9982895255088806,0.03131882846355438,0.002751288004219532,0.0497066043317318,-0.48477560281753534,0.1593094617128372,0.03318135440349579,1.0918171405792236,-0.5331207513809204,-0.15075756609439847,-0.42967334389686573,-0.40333145856857294,-0.18505312502384183,1.1410229206085205,-0.6221154928207396,0.17754678428173065,-0.03847072646021842,-0.04108487814664841,0.37884268164634705,-0.349240243434906,0.38322666287422175,-0.6957954168319702,1.1064143180847168,0.18833142518997192,-0.0728863552212715,0.08884444832801817,-0.4192611575126648,-0.32274267077445984,0.6499107480049133,1.0165824890136719,-0.12189190834760665,-0.159989595413208,-0.2331629693508148,0.041339265946724116,0.033193800314295474
0.06399065256118774,-0.016330957412719727,0.7190218567848206,0.9984729290008546,0.03259677439928055,-0.0004312424862291664,0.04482247680425644,-0.3939176797866821,0.1562204509973526,0.059205226600170135,0.928091526031494,-0.4398464560508728,-0.14172545075416565,-0.3472771346569061,-0.3810717761516571,-0.20544704794883728,0.9784393906593322,-0.5305314660072327,0.1758284717798233,-0.02839137986302376,-0.040232084691524506,0.3559206426143646,-0.35818326473236084,0.36444786190986633,-0.7286098599433899,1.1169426441192627,0.18010719120502472,-0.07584775239229202,0.0941830649971962,-0.424620658159256,-0.3234120309352875,0.689648449420929,1.0097060203552246,-0.1269271820783615,-0.1546819806098938,-0.2146487981081009,0.044475934617220034,0.0351089292584014
0.06840521842241287,-0.014536116272211075,0.7449299097061157,0.9986563324928285,0.033660341054201126,-0.0012878795387223363,0.03971095010638237,-0.30625754594802856,0.15119890868663788,0.092898890376091,0.7612795829772949,-0.3362087607383728,-0.1287931203842163,-0.26598039269447327,-0.3576177656650543,-0.22275561094284055,0.808396279811859,-0.42670294642448425,0.17652373015880585,-0.01702957972884178,-0.037776626646518714,0.3250297009944916,-0.36182767152786255,0.3562582731246948,-0.7558307647705078,1.126720905303955,0.18056868016719815,-0.07675660401582717,0.09702392667531969,-0.4302675724029541,-0.32498547434806824,0.7289740443229675,1.0320624113082884,-0.12695296108722687,-0.14784014225006104,-0.18202652037143707,0.04848583866365116,0.03775001205291991
0.07189241796731949,-0.013044405728578568,0.7659273147583008,0.9987785220146179,0.034847863018512726,0.000148477716720663,0.03498535975813866,-0.23118941485881803,0.14498017728328705,0.12689955532550812,0.6083390712738037,-0.2300434857606888,-0.12149159610271452,-0.19794079661369324,-0.3378787636756897,-0.23932352662086487,0.6503868699073792,-0.3260402977466583,0.17837660014629364,-0.009152201935648918,-0.036912787705659866,0.28694427013397217,-0.3572426438331604,0.35858091711997986,-0.7713739871978759,1.1217374801635742,0.16967542469501495,-0.07612760365009309,0.09782461076974867,-0.4285525977611542,-0.32684728503227234,0.7594225406646729,1.065284252166748,-0.12740857899188995,-0.13331738114356995,-0.1470782607793808,0.05313352324538423,0.04064630503130176
0.07448037713766098,-0.011835122480988503,0.7799915671348571,0.998961865901947,0.03320708125829697,0.002218164969235658,0.02981610968708992,-0.16942475736141205,0.14275625348091123,0.15754374861717224,0.47971859574317927,-0.14816994965076447,-0.1231103166937828,-0.1455097645521164,-0.3164663314819336,-0.25132960081100464,0.5208714008331299,-0.24035531282424927,0.17995260655879974,-0.0031505993101745844,-0.03227362036705017,0.2508018016815185,-0.3469401001930237,0.3741039633750916,-0.7760736346244813,1.0950725078582764,0.16577495634555817,-0.08201756328344345,0.10547101497650146,-0.4257841408252716,-0.33153101801872253,0.774657964706421,1.0846668481826782,-0.1171972081065178,-0.12562547624111176,-0.11753224581480026,0.0555030548115478,0.04319714015732344
0.07531680166721344,-0.010387199930846693,0.787870705127716,0.999267280101776,0.02940997667610645,0.0038489887956529856,0.023172190412878994,-0.11576396971940994,0.14568708837032318,0.18648546934127808,0.37376058101654047,-0.09632615745067596,-0.12876823544502258,-0.11127745360136032,-0.29325699806213373,-0.25366243720054626,0.42541089653968805,-0.1785292625427246,0.1841334253549576,0.0018877920228987928,-0.024738501757383343,0.22095367312431333,-0.32833024859428406,0.3987561762332916,-0.762273073196411,1.047800064086914,0.1569632589817047,-0.09079416841268541,0.11912281811237337,-0.4242233335971832,-0.3419509828090668,0.7805964946746825,1.0853904485702515,-0.10033264011144638,-0.12240820378065108,-0.1021282523870468,0.05516996748902177,0.04466031909631083
0.07576984167098999,-0.008870145305991171,0.7900356650352478,0.9996337294578552,0.023675052449107167,0.0037082904018461696,0.015520058572292328,-0.06676387786865233,0.15497395396232605,0.2203308790922165,0.289836049079895,-0.08104286342859267,-0.13682883977890015,-0.0869273766875267,-0.27002525329589844,-0.25453317165374756,0.35620447993278503,-0.1429770141839981,0.18246860802173612,0.005145126022398472,-0.014297987334430216,0.20113274455070493,-0.3120124936103821,0.4280222356319427,-0.733361780643463,0.9949881434440612,0.1545700877904892,-0.1037379652261734,0.1420595943927765,-0.42731761932373047,-0.3589981198310852,0.786196529865265,1.0690670013427734,-0.08062127232551575,-0.12673017382621765,-0.10242011398077012,0.05142830512078292,0.043533998379438915
0.07435592263936995,-0.0070513770915567875,0.7862676382064819,0.9998779296875,0.016519656404852867,0.0011497947853058577,0.008183524943888187,-0.018312253057956692,0.16670130193233487,0.25349023938179016,0.21762317419052124,-0.10220373421907424,-0.1440813839435577,-0.05880363658070564,-0.24584904313087463,-0.26043421030044556,0.29619172215461725,-0.14658097922801971,0.1775716245174408,0.004241052083671093,-0.0016964910319074988,0.19276468455791476,-0.2940756678581238,0.45708101987838745,-0.7028616070747375,0.9459981918334962,0.14055591821670532,-0.11426251381635665,0.16673369705677032,-0.4309805333614349,-0.37918862700462336,0.7900726795196533,1.0497083663940427,-0.08224397152662277,-0.12837707996368408,-0.11183248460292816,0.043006657277213964,0.03794363558847369
0.07122617959976196,-0.005297479685395956,0.7794070839881898,0.9998779296875,0.011853711679577827,-0.003109357785433531,0.0032075983472168446,0.019733136519789692,0.17226026952266693,0.2746516168117523,0.1692426949739456,-0.13372911512851715,-0.15157784521579742,-0.0312124602496624,-0.23036549985408783,-0.25939056277275085,0.25528815388679504,-0.17829363048076627,0.17178320884704587,0.00158144801389426,0.005808759480714798,0.19693478941917417,-0.2892144024372101,0.48655247688293457,-0.6831850409507751,0.903809905052185,0.12393485754728316,-0.1201426163315773,0.1910325586795807,-0.43143257498741144,-0.4050120711326599,0.7813207507133485,1.0257961750030515,-0.0997094511985779,-0.12534886598587036,-0.13396042585372925,0.033609335778301705,0.030486636138847854
0.0661996528506279,-0.003419002052396536,0.7766443490982055,0.9997557997703552,0.020467033609747887,-0.004758089315146208,0.003886218182742596,0.02849896997213364,0.1465405821800232,0.2804197371006012,0.14178341627120972,-0.12548065185546875,-0.1427129358053207,-0.04909811168909073,-0.25934198498725886,-0.24905881285667417,0.289814829826355,-0.20416617393493647,0.17333275079727173,-0.00607238570228219,-0.014908811077475548,0.20728625357151031,-0.3022526204586029,0.5042855739593506,-0.6692926287651062,0.9005376696586608,0.11296360939741135,-0.12852530181407928,0.2248148322105408,-0.43182304501533514,-0.4190760850906372,0.7410178184509277,1.017341136932373,-0.1061163544654846,-0.13577787578105927,-0.16581043601036072,0.03149673137034032,0.027744847776304107
0.06187925115227699,-0.001375872641801834,0.7770989537239074,0.9996947646141052,0.02278069593012333,-0.006217947229743004,0.009421363472938536,0.02836019732058048,0.1358254700899124,0.2734106183052063,0.1294013112783432,-0.11281320452690125,-0.13962119817733765,-0.04397039487957954,-0.2686540484428406,-0.2574819326400757,0.28540000319480896,-0.19909410178661344,0.1715278923511505,-0.015921989455819126,-0.021806571632623672,0.21346837282180783,-0.3133818805217743,0.498529314994812,-0.6603182554244995,0.9389564394950866,0.10689365118741988,-0.1153479665517807,0.23604834079742432,-0.4108118116855621,-0.41238632798194885,0.6667407155036926,1.0392863750457764,-0.08236782252788542,-0.13870033621788025,-0.19438366591930387,0.031727439029963014,0.027627960486159904
0.0575881153345108,0.00021486845798790452,0.778271973133087,0.9996337294578552,0.021576201543211937,-0.00701016653329134,0.01627182960510254,0.02490855008363724,0.13386619091033936,0.26196661591529846,0.12214993685483932,-0.10205035656690596,-0.14041785895824432,-0.027330409735441208,-0.26608654856681824,-0.2735903859138489,0.2560175359249115,-0.18322692811489105,0.17181597650051117,-0.02462906017899513,-0.020245864987373352,0.2111941874027252,-0.31760868430137634,0.47776928544044495,-0.6563342213630676,0.9889607429504393,0.1058351844549179,-0.08704109489917755,0.22318744659423828,-0.3793172836303711,-0.38952964544296254,0.580001711845398,1.079668641090393,-0.03222548961639404,-0.12986023724079132,-0.2072221487760544,0.032131337818820875,0.02776930346977447
0.053663693368434906,0.001071759033948183,0.77878338098526,0.9995726346969603,0.020310498774051663,-0.006838859990239143,0.020432621240615845,0.018243337050080296,0.1332809031009674,0.2531343102455139,0.11962735652923584,-0.09713667631149295,-0.14135855436325073,-0.02025093324482441,-0.2626038193702698,-0.28365108370780945,0.23398764431476596,-0.17073385417461395,0.17479337751865387,-0.027462443336844444,-0.0175654124468565,0.20508138835430145,-0.3091129660606384,0.45965611934661865,-0.65268874168396,1.0138486623764038,0.10133105516433716,-0.07648121565580368,0.20365227758884427,-0.34858694672584534,-0.3646676540374756,0.5175507664680481,1.1155669689178467,0.009440194815397263,-0.12342260777950285,-0.20233100652694705,0.03201042908458217,0.027526386859675085
0.05015510693192481,0.0017593000084161758,0.77895188331604,0.9995726346969603,0.019921233877539635,-0.005842798389494419,0.02107376419007778,0.010975015349686144,0.1326334923505783,0.25132203102111816,0.11920241266489028,-0.09473645687103271,-0.14059430360794067,-0.024212365970015522,-0.2622815668582916,-0.28457164764404297,0.22456035017967224,-0.16367377340793607,0.17798076570034027,-0.026938758790493008,-0.01632162369787693,0.19857473671436307,-0.2902444899082184,0.44981989264488226,-0.6541759967803955,1.0122408866882324,0.0877966657280922,-0.0830555409193039,0.18646796047687528,-0.3208882510662079,-0.3454396724700928,0.48112219572067266,1.1426050662994385,0.027601998299360275,-0.1195710152387619,-0.191132977604866,0.03185289355674831,0.027319332435004885
0.04710261896252632,0.0020157522521913047,0.7790823578834533,0.9995726346969603,0.019768580794334408,-0.004543338902294636,0.019570130854845047,0.004906147252768278,0.13282957673072815,0.25405511260032654,0.11904778331518172,-0.09217596054077148,-0.13803644478321075,-0.030927496030926704,-0.2619881331920624,-0.2807692885398865,0.21899424493312836,-0.1575356125831604,0.17994877696037292,-0.025207674130797383,-0.016303565353155136,0.19270372390747073,-0.26778852939605713,0.44530218839645386,-0.6599019765853882,1.005319595336914,0.07205390930175781,-0.09309652447700499,0.1727940738201141,-0.29824379086494446,-0.33234331011772156,0.46199029684066767,1.1640563011169431,0.0335024818778038,-0.1154165342450142,-0.18117643892765045,0.0317892376441146,0.027225408982146735
0.04428863525390625,0.002190889324992895,0.7791408896446227,0.9996337294578552,0.01907284185290337,-0.0035270256921648975,0.017149530351161957,0.0003260546654928476,0.13502530753612518,0.25800448656082153,0.11925044655799864,-0.09104805439710616,-0.13595518469810483,-0.03501221910119057,-0.25909459590911865,-0.2773236930370331,0.21042388677597043,-0.1509917974472046,0.18034863471984863,-0.023575050756335255,-0.01623060368001461,0.1880100518465042,-0.24432073533535004,0.4397902488708496,-0.6684871912002563,1.0086359977722168,0.05827098712325096,-0.09842191636562349,0.15974830090999603,-0.27766698598861694,-0.3218042850494385,0.4546892940998077,1.1844267845153809,0.03482358157634735,-0.1105503961443901,-0.17280668020248413,0.03159410217006635,0.027051046887080633
0.04189928621053696,0.0021412526257336135,0.7792597413063049,0.9997557997703552,0.018208181485533714,-0.0028044872451573606,0.014484127983450888,-0.0031141466461122036,0.13803769648075104,0.2623923420906067,0.120577834546566,-0.09057673811912537,-0.134735107421875,-0.0378887727856636,-0.255619078874588,-0.27425944805145264,0.20208135247230527,-0.1444505751132965,0.18062295019626615,-0.02261791191995144,-0.016368886455893517,0.18422703444957733,-0.22172121703624725,0.4305192828178406,-0.6825954914093018,1.0288010835647583,0.04893648251891136,-0.09647160023450851,0.14438064396381378,-0.26002663373947144,-0.31220537424087524,0.46056851744651794,1.2079274654388428,0.03259493410587311,-0.10349845141172408,-0.16386829316616058,0.03147800816728139,0.027002232740756558
0.04012315720319748,0.001974887680262327,0.7793781161308287,0.9997557997703552,0.017490843310952187,-0.002686202758923173,0.011744506657123564,-0.003932984545826912,0.14078946411609647,0.26599201560020447,0.121608167886734,-0.0906473472714424,-0.13494558632373807,-0.03995988145470619,-0.25205650925636286,-0.2707636058330536,0.19650970399379727,-0.13938575983047485,0.181195005774498,-0.02185508608818054,-0.01712903380393982,0.1807405352592468,-0.20200425386428836,0.415546715259552,-0.7014191150665283,1.068078637123108,0.046788696199655526,-0.08676586300134659,0.12452781200408936,-0.24416629970073697,-0.301895409822464,0.4811716675758362,1.2337176799774168,0.025278478860855103,-0.0944048762321472,-0.1509021371603012,0.03144370034746037,0.02699808401401951
0.03915834054350853,0.00161766167730093,0.7794396877288817,0.9998168945312499,0.017276111990213394,-0.0031171783339232206,0.009378243237733841,-0.001994277816265821,0.14263515174388883,0.2698653042316437,0.12206987291574478,-0.09042549878358841,-0.13585589826107025,-0.0415174663066864,-0.2502947151660919,-0.2672134935855865,0.19561302661895752,-0.13692153990268707,0.18160705268383023,-0.022082185372710228,-0.01885281316936016,0.17667973041534424,-0.18392951786518097,0.3961805999279022,-0.7201647758483887,1.1184666156768799,0.05296536162495613,-0.06948336958885193,0.10157589614391326,-0.2289777994155884,-0.29141631722450256,0.5101105570793152,1.2542700767517088,0.013368105515837668,-0.08316081762313841,-0.13265877962112427,0.03150341732394649,0.027018915187579602
0.039294663816690445,0.0009959887247532606,0.7796447277069091,0.9998779296875,0.017214015126228333,-0.003966815769672394,0.007309852167963981,0.00152273615822196,0.14396080374717712,0.27233162522315973,0.12194615602493286,-0.08977243304252625,-0.13661278784275055,-0.04126802086830139,-0.2484635263681412,-0.26399368047714233,0.1958220899105072,-0.13556405901908875,0.18160453438758847,-0.023818228393793103,-0.021502641960978508,0.17088408768177032,-0.16530050337314603,0.37343195080757136,-0.7335844039916992,1.169458031654358,0.06493896245956421,-0.047842372208833694,0.0745313987135887,-0.21118003129959104,-0.27976241707801813,0.5412359237670897,1.263229727745056,-0.0032142961863428354,-0.07361163198947905,-0.11062083393335342,0.03176700244523609,0.02716810606559753
0.040094900876283646,0.0005170009098947048,0.7798333764076234,0.9998779296875,0.017107190564274788,-0.004807105287909508,0.005785694811493158,0.005100368987768888,0.14549902081489563,0.27413421869277954,0.1217021644115448,-0.0903940573334694,-0.1374131441116333,-0.038815516978502274,-0.24609492719173431,-0.2611289918422699,0.1941087394952774,-0.13490591943264008,0.18074241280555725,-0.025989389047026638,-0.02457696758210659,0.16281156241893768,-0.1433962881565094,0.3520098328590393,-0.7375171184539795,1.2072852849960327,0.07346437126398087,-0.03146382421255112,0.04881802201271057,-0.18967850506305692,-0.2681942880153656,0.5669748783111572,1.2555139064788818,-0.024809481576085087,-0.06883293390274048,-0.08993054926395416,0.03202751818354299,0.027264174177337876
0.04101546853780746,-8.367002010345459e-05,0.7799382209777832,0.9998779296875,0.016931694000959396,-0.005285908468067646,0.004461833275854588,0.007824269123375414,0.14766548573970795,0.27614355087280273,0.12212029844522476,-0.0917852371931076,-0.13802027702331543,-0.035187579691410065,-0.24284511804580688,-0.25834888219833374,0.18920080363750455,-0.1335592418909073,0.18023023009300232,-0.02746053412556648,-0.02806314453482628,0.15281987190246582,-0.11933381110429764,0.33650603890419006,-0.7347002625465393,1.2237168550491333,0.07182139158248901,-0.026038192212581635,0.030125157907605168,-0.1646614670753479,-0.2584205269813537,0.5847600102424622,1.233919620513916,-0.04859012737870216,-0.07401283085346222,-0.07541780173778534,0.03222861982606885,0.027186521682894232
0.042153656482696526,-0.0007700244896113873,0.7800163626670836,0.9998779296875,0.016321267932653427,-0.005440422333776951,0.003493735566735268,0.009740698151290417,0.15149419009685516,0.2785962224006653,0.12298017740249632,-0.09360095113515852,-0.13915826380252838,-0.030998120084404945,-0.23903909325599673,-0.25776553153991694,0.18292661011219025,-0.13222187757492063,0.17977234721183777,-0.028495192527771,-0.0306570902466774,0.1428745537996292,-0.09659279137849808,0.3277438879013061,-0.7281575798988342,1.2233774662017822,0.058159321546554565,-0.03191470354795456,0.02250055968761444,-0.13962556421756744,-0.25008302927017206,0.5963173508644104,1.2085945606231687,-0.06857504695653915,-0.08551103621721268,-0.06727026402950287,0.03234694926640552,0.027140912635790364
0.042417481541633606,-0.0016627771547064183,0.7800021171569824,0.9998779296875,0.015581125393509865,-0.005642625968903303,0.0026324624195694923,0.011866978369653223,0.15541929006576538,0.2815615832805633,0.12380441278219224,-0.0956905037164688,-0.14017049968242645,-0.02663852460682392,-0.23504695296287537,-0.2570967674255371,0.17779706418514252,-0.13137196004390717,0.1791362315416336,-0.028608713299036023,-0.032531756907701485,0.13495835661888123,-0.07958003133535385,0.32382380962371826,-0.7231200933456419,1.2169880867004395,0.04110722616314888,-0.040256217122077935,0.02400644868612289,-0.11897648870944975,-0.24270610511302948,0.6044217944145203,1.1918476819992063,-0.08248647302389146,-0.09512200206518173,-0.06496301293373108,0.03232602914867044,0.027080368003822658
0.04291202127933502,-0.002663614228367805,0.779987096786499,0.9998779296875,0.014745605178177357,-0.006125244311988354,0.00197196239605546,0.014585853554308414,0.15968696773052216,0.2841437757015228,0.12516511976718903,-0.0978856012225151,-0.14148168265819547,-0.021384205669164658,-0.23147025704383847,-0.2576446831226349,0.17268110811710355,-0.13060566782951355,0.17865987122058868,-0.02815106324851513,-0.033778183162212365,0.12984077632427216,-0.07014600932598114,0.3235948979854584,-0.7214039564132689,1.2125678062438965,0.028994586318731308,-0.04577406868338585,0.028553284704685208,-0.10581595450639723,-0.23669214546680448,0.6113944053649902,1.1862404346466064,-0.09128113836050032,-0.09990134090185165,-0.06523372232913971,0.03231749416226554,0.027071396235053356
0.043467335402965546,-0.0035392313729971647,0.7800136804580688,0.9998779296875,0.013967311941087244,-0.006897814571857452,0.0017063316190615296,0.01773594692349434,0.16295500099658966,0.28489750623703,0.12679417431354523,-0.09943998605012892,-0.14258065819740295,-0.015285884961485863,-0.2281247079372406,-0.2591698467731476,0.16839005053043363,-0.13014577329158783,0.17847050726413727,-0.02854030206799507,-0.034573182463645935,0.12737593054771423,-0.0677243173122406,0.32537007331848145,-0.7230937480926514,1.2115553617477417,0.023997826501727104,-0.04713585227727889,0.03313243389129639,-0.09899818897247313,-0.23107829689979556,0.6166715621948241,1.190059185028076,-0.09272117912769315,-0.1007636860013008,-0.06571292877197266,0.032351270876726665,0.027113200770627115
0.044032089412212365,-0.003991702571511269,0.7799555659294128,0.9998779296875,0.013410298153758047,-0.007716167252510785,0.0015828157775104044,0.020846882835030556,0.1654333919286728,0.2847783863544464,0.12778803706169128,-0.10024213790893555,-0.14346057176589963,-0.00950214359909296,-0.22559013962745664,-0.2610684335231781,0.16441509127616882,-0.12944041192531583,0.17919762432575223,-0.029119681566953656,-0.035327307879924774,0.12648135423660278,-0.07154139876365662,0.3285055160522461,-0.7289915084838867,1.2147154808044431,0.025253107771277428,-0.045190218836069114,0.03723524883389473,-0.09813547134399414,-0.22703854739665985,0.6204079389572144,1.2001361846923828,-0.09088465571403503,-0.0980619266629219,-0.06455935537815094,0.032334393233068616,0.027042837260070274
0.04476157948374748,-0.004127745516598225,0.7800188064575195,0.9998779296875,0.013002075254917145,-0.008305610157549381,0.0018179251346737144,0.022880980744957924,0.16707962751388547,0.2841065227985382,0.12851358950138092,-0.09989549219608307,-0.14422807097434995,-0.005115317180752753,-0.2239539325237274,-0.26287931203842163,0.1612205058336258,-0.12807756662368774,0.17989911139011383,-0.029685555025935173,-0.03548750281333923,0.12708938121795654,-0.08089598268270493,0.3312681317329407,-0.7357050180435181,1.219743251800537,0.03134240582585335,-0.041651204228401184,0.039584286510944366,-0.1034182757139206,-0.22466711699962613,0.6233536005020142,1.2144440412521362,-0.08349093794822691,-0.09270149469375609,-0.06182532757520676,0.03242227212535993,0.027104886633605267
0.0450546070933342,-0.003800064790993929,0.7801556587219238,0.9998779296875,0.012788426131010056,-0.008641344495117664,0.0019290418131276963,0.02384147420525551,0.16787405312061307,0.2834932804107666,0.12888707220554352,-0.09886658936738969,-0.14430125057697296,-0.0020387577824294567,-0.2228422909975052,-0.2638431489467621,0.1581062078475952,-0.12599429488182068,0.1803492903709412,-0.029428958892822266,-0.035436760634183884,0.12832137942314148,-0.09334770590066908,0.3344736099243164,-0.7411134839057921,1.2219903469085691,0.03675038740038872,-0.03919205069541931,0.04131065309047698,-0.11273998767137527,-0.22475051879882807,0.6266718506813049,1.2269489765167236,-0.0759427472949028,-0.08698464184999467,-0.05830198153853416,0.03256804741975693,0.02720666051111393
0.04463008418679237,-0.0036178897134959698,0.7803449034690858,0.9998779296875,0.012750274501740932,-0.008748169057071209,0.00205923430621624,0.023671109229326248,0.16785912215709686,0.2825329899787903,0.1291910409927368,-0.0973348468542099,-0.1440717875957489,-0.0005045589641667902,-0.22240987420082087,-0.2644471228122711,0.15559853613376615,-0.12342721968889236,0.18065683543682096,-0.029035529121756557,-0.03518408536911011,0.12991608679294586,-0.1075848713517189,0.33825868368148804,-0.7459051012992858,1.2193539142608643,0.03867274522781372,-0.0387968085706234,0.04383090883493424,-0.124833807349205,-0.22769916057586667,0.6307435631752014,1.2335811853408811,-0.068567655980587,-0.08399807661771774,-0.05592353641986847,0.03275723003124735,0.02733700654326082
0.04400965571403504,-0.0033954966347664595,0.7804939150810242,0.9998779296875,0.01276553515344858,-0.008839732967317104,0.0018923208117485049,0.02342766523361206,0.16771061718463895,0.2826182544231415,0.129897341132164,-0.09621891379356384,-0.14371483027935028,-0.00022156674822326747,-0.22254878282547,-0.2645102143287658,0.15384714305400848,-0.12101741880178452,0.1809924840927124,-0.027920126914978027,-0.03448218107223511,0.13191525638103485,-0.12283126264810562,0.34217706322669983,-0.7481701970100403,1.212186336517334,0.04033401235938072,-0.04099756851792336,0.047579489648342126,-0.1398227959871292,-0.23368537425994876,0.6374797224998474,1.2343950271606443,-0.06492662429809569,-0.08270738273859024,-0.05481595173478127,0.03290251847842114,0.027444624218262173
0.04329487308859825,-0.0031182097736746073,0.7806583642959594,0.9998779296875,0.01276553515344858,-0.008904590271413326,0.0017521135741844771,0.023190584033727642,0.16753153502941132,0.28227224946022034,0.13037902116775513,-0.09500115364789961,-0.14342010021209717,-0.00029068550793454046,-0.22278630733489993,-0.2645688056945801,0.1526614725589752,-0.1189974620938301,0.18123909831047055,-0.027301231399178505,-0.03341721370816231,0.13420116901397705,-0.13880454003810883,0.3473811447620392,-0.7504321932792662,1.200290322303772,0.04252983629703522,-0.04460924863815308,0.05271435901522637,-0.15799476206302643,-0.24195629358291623,0.6461800932884216,1.2305725812911987,-0.0609210729598999,-0.08245842903852463,-0.05552501231431961,0.0330619015182526,0.02758720025725025
0.042594917118549354,-0.0028642534743994474,0.7807723879814149,0.9998779296875,0.012792241759598255,-0.008988523855805397,0.0014492850750684738,0.02325538173317909,0.16755974292755127,0.2827718257904053,0.1309572458267212,-0.0940399020910263,-0.1432199329137802,-0.00019907685054931787,-0.2231901586055756,-0.26523280143737793,0.15131032466888428,-0.11710352450609209,0.18149900436401367,-0.026645125821232796,-0.03239881619811058,0.13627827167510986,-0.1539061814546585,0.35195425152778625,-0.752389907836914,1.1857737302780151,0.04446142166852951,-0.04811060056090354,0.05949873849749565,-0.17707514762878415,-0.2519126534461975,0.6548824310302734,1.2219746112823486,-0.05827567726373672,-0.08314891904592514,-0.057654157280921936,0.03318873572592649,0.02766642203112279
0.042045444250106805,-0.0026460341177880764,0.7808296680450438,0.9998779296875,0.012860914692282677,-0.009164021350443363,0.0013086008839309216,0.02295699156820774,0.16743594408035278,0.2829180955886841,0.13191869854927063,-0.09321784228086472,-0.1426678895950317,0.0002044247230514884,-0.22320210933685303,-0.26568472385406494,0.14983561635017395,-0.11569045484066008,0.18158769607543945,-0.02604108117520809,-0.031511832028627396,0.13812555372714996,-0.1680905669927597,0.35691890120506287,-0.7539002299308778,1.168808102607727,0.04613922536373138,-0.051455318927764886,0.06768443435430527,-0.19636428356170652,-0.26153066754341125,0.6638498306274414,1.2095178365707395,-0.05847961083054543,-0.08493338525295258,-0.0611334890127182,0.03326189713103603,0.02765231466767418
0.04154667630791664,-0.002476888243108988,0.7809138298034669,0.9998779296875,0.012815132737159727,-0.009316627867519855,0.0012508966028690338,0.022029127925634384,0.1680510938167572,0.2832492589950561,0.13324624300003052,-0.09303030371665953,-0.14202900230884552,0.0009396660607308147,-0.2231200933456421,-0.26635968685150146,0.1480254828929901,-0.11468281596899033,0.18119120597839355,-0.02531100623309612,-0.03044623881578445,0.1392461359500885,-0.1807734966278076,0.3612096011638641,-0.7538885474205017,1.1502608060836792,0.04869065806269646,-0.055083028972148895,0.07601474225521086,-0.21439261734485623,-0.27089032530784607,0.6711399555206299,1.1946990489959717,-0.05978802591562271,-0.08686597645282745,-0.06405311822891235,0.03335338075751138,0.027699318126249418
0.041469186544418335,-0.002572289202362299,0.7809453010559082,0.9998779296875,0.012746459804475307,-0.009659992530941965,0.001277125789783895,0.02164432965219021,0.168800950050354,0.28359517455101013,0.1343962401151657,-0.09304557740688325,-0.14192187786102295,0.0022351054940372705,-0.22260746359825132,-0.2670840919017792,0.14596250653266907,-0.11371534317731856,0.1805024892091751,-0.02486615628004074,-0.029446179047226902,0.13951610028743744,-0.19072833657264707,0.3643684685230255,-0.754273235797882,1.1332155466079712,0.05213213339447975,-0.05803189426660538,0.08270047605037689,-0.22966699302196503,-0.2785577476024628,0.6763123869895935,1.1790906190872192,-0.06208723783493041,-0.0891287922859192,-0.06666390597820282,0.03339460881929726,0.027670540247865586
0.041618142277002335,-0.0028766877949237823,0.7809789180755614,0.9998779296875,0.012639635242521763,-0.01011781208217144,0.0012551886029541492,0.021816978231072422,0.1696864664554596,0.28455528616905207,0.13510480523109436,-0.09316176921129225,-0.14197584986686707,0.003533023642376065,-0.22216062247753143,-0.2669951021671295,0.14399924874305725,-0.11279071122407912,0.18018700182437897,-0.023927755653858185,-0.028474895283579823,0.1391790211200714,-0.19848084449768064,0.36660802364349365,-0.7548343539237976,1.1171687841415403,0.05707235261797905,-0.06077802926301956,0.08759497106075287,-0.2419297397136688,-0.28448399901390076,0.6812425255775452,1.1627678871154783,-0.06379035115242004,-0.09170558303594589,-0.06771248579025269,0.03341980670555936,0.02767992384181417
0.04171274229884148,-0.0033639681059867144,0.7809932231903075,0.9998779296875,0.012551886029541492,-0.010766389779746532,0.001216560136526823,0.022987566888332367,0.1704220473766327,0.2856784164905548,0.13507235050201416,-0.09362836182117462,-0.14198772609233856,0.004984136670827866,-0.2216003090143204,-0.2671413719654083,0.1428479552268982,-0.11227008700370789,0.1801801174879074,-0.0229184664785862,-0.027753030881285667,0.13845086097717285,-0.2038138806819916,0.36750593781471247,-0.756374716758728,1.102407932281494,0.0624937079846859,-0.06405548006296158,0.09138754010200499,-0.2512762248516083,-0.28880444169044495,0.6873239874839783,1.1470118761062622,-0.06483317166566849,-0.09451492130756378,-0.06958247721195221,0.03342274899110377,0.027663137295160595
0.0412900447845459,-0.003692232072353363,0.7809635996818542,0.9998168945312499,0.012541206553578377,-0.011640773154795168,0.001080710906535387,0.024840394034981728,0.17065221071243286,0.28675204515457153,0.1352485418319702,-0.0952298417687416,-0.1413396447896957,0.006206916179507971,-0.22126545011997223,-0.26704806089401245,0.1430654525756836,-0.11216912418603896,0.1803705394268036,-0.02215343341231346,-0.0272916741669178,0.1378275454044342,-0.20654261112213132,0.36725375056266785,-0.7586492896080017,1.0890623331069946,0.06735549867153168,-0.06729946285486221,0.09435018151998521,-0.2578034698963165,-0.29013174772262573,0.6943946480751038,1.132365345954895,-0.06732887029647827,-0.09728331118822096,-0.07138849794864655,0.03339249632008032,0.027609497062237375
0.04058371111750603,-0.00404835119843483,0.7810560464859008,0.9998168945312499,0.012735791504383087,-0.012888407334685324,0.0003875011461786926,0.027864405885338783,0.17075961828231812,0.28733947873115534,0.13544362783432007,-0.09840179979801178,-0.13970613479614255,0.007782190572470426,-0.22104530036449432,-0.2649553418159485,0.14547032117843628,-0.11331776529550552,0.17995429039001465,-0.022069936618208885,-0.02733113802969456,0.13770106434822083,-0.2074737697839737,0.36538618803024286,-0.7593731284141539,1.0783941745758057,0.0689702108502388,-0.07012015581130981,0.09887029975652695,-0.2624346315860748,-0.2897968292236328,0.7019507884979248,1.120288610458374,-0.07034429162740707,-0.09780561923980714,-0.07464156299829483,0.03358718047608917,0.027698742205998054
